title,link,description,bloggername,bloggerlink,postdate,search_keyword
이거 보이면 꼭 사세요! 다이소 가성비 꿀템 무선 전동 <b>우유거품기</b>,https://blog.naver.com/redmilkb/224205091398,3단계는 우유 거품이나 머랭을 칠 때 사용하기 딱 좋은 낮은 점성용이에요. 상황에 맞춰 세기를 조절할... #다이소꿀템 #다이소거품기 #다이소핸드믹서기 #<b>우유거품기</b>추천 #전동거품기 #홈카페용품... ,소소한 살림,blog.naver.com/redmilkb,20260306,우유거품기
전동 <b>우유 거품기</b> 다이소 2종 전격 비교!,https://blog.naver.com/jyh9h8/224211968284,"&quot; 전동 <b>우유 거품기</b> 다이소 2종 전격 비교! 안녕하세요, 노을여니입니다! 집에서 라떼 한 잔 마실 때... 거품기가 무려 두 종류나 있어서 매대 앞에서 한참을 고민했는데요. 2,000원 기본형과 3,000원... ",오늘도 즐거운 집,blog.naver.com/jyh9h8,20260314,우유거품기
세척이 편리한 내돈내산 델리팬 전동 <b>우유거품기</b>(DEL-MF701)... ,https://blog.naver.com/psjshtony/223979701054,생우유를 마시지 않는 나는.. 칼슘보충을 할 겸 ‘미떼초코’에 우유를 데워서 커피한샷 넣고... 라떼거품기 #밀크프로더 #밀크프로더추천 #SUS304<b>우유거품기</b> #델리팬<b>우유거품기</b> #식세기사용가능<b>우유거품기</b>,이무생로랑,blog.naver.com/psjshtony,20250822,우유거품기
카브로시아 전동<b>우유거품기</b> 소형 솔직리뷰,https://blog.naver.com/yultas/224177863668,"카브로시아 <b>우유거품기</b> 입니다. 박스에는 간단한 조작방법이 표기되어 있습니다. 가벼운 우유거품, 묵직한 우유거품이 있고, 찬우유 모드와 따뜻한 우유모두 두가지 다 가능합니다. 박스를 개봉해보면 설명서와... ",카페작업실 [caffe_studio],blog.naver.com/yultas,20260209,우유거품기
블루보틀 덕후 텀블러 <b>우유거품기</b> 원두 세트 내돈내산후기,https://blog.naver.com/sqeez/224116784063,<b>우유 거품기</b>를 팔길래 냉큼 구매했어요. 전 <b>우유 거품기</b>는 자리만 차지하고 사치다 생각하고 구매를... 따뜻해지면 거품기를 넣고 작동했어요. 그럼 아주 미세한 우유거품이 만들어져요! 충전식이 아니라... ,야채소녀 썬,blog.naver.com/sqeez,20251220,우유거품기
전동<b>우유거품기</b> 집에서 즐기는 홈카페 라떼아트,https://blog.naver.com/ns99138/224122084119,스팀우유가 들어가는 카푸치노를 마시고 싶을 때 딱이다. 전동<b>우유거품기</b>의 좋은점 또 하나! 소음이 전혀 없다!! 우리집 그라인더라던가 그라인더라던가... 그라인더는 엄청나게 시끄러운데 이렇게 조용히... ,The time is not waiting for me。,blog.naver.com/ns99138,20251225,우유거품기
일리커피 캡술 <b>우유거품기</b> 올리OLMF08 전동 휘핑기로 홈카페... ,https://blog.naver.com/tears1124/223852736263,"그런데 이번에 너무나 쉽고 간편하게 우유거품을 만들 수 있는 올리 OLMF08를 만나게 되었습니다. 전동 휘핑기 올리 OLMF08의 박스를 오픈하여 구성품을 살펴보았는데요. <b>우유거품기</b>, 스파츌러, 거품기 받침대... ",썬댕캠퍼 테크LAB,blog.naver.com/tears1124,20250501,우유거품기
<b>우유거품기</b> 추천 일리 밀크프로더 비싸서 고민하다 구입한 후기,https://blog.naver.com/iwillbes27/224131988237,그래서 세척을 할때 도 편하고 계량기 를 사용하여 우유를 넣을 때 등 분리가 되서 편한 부분이 참 많아요! <b>우유거품기</b> 추천! <b>우유거품기</b>를 구매하신다면 어떤 제품을 구매 하더라도 세척을 하기가 편한 제품을... ,울산아저씨의 취미생활,blog.naver.com/iwillbes27,20260102,우유거품기
"일리 밀크프로터 사용 후기, 홈까페 <b>우유거품기</b>(내돈내산)",https://blog.naver.com/suribi/224138776855,"그래서 가끔 주말에는 우유를 섞어 마시거나 하는데, 우유를 섞어 마시다 보니 라떼를 마시고 싶고, 좀... (나는 이런식의 행복템이 아주 많다 ㅋㅋ 고로 무척 자주 행복하다는 이야기) #<b>우유거품기</b>... ",SURIBI WORLD,blog.naver.com/suribi,20260108,우유거품기
자동 <b>우유거품기</b> 아인슈페너 크림 만들기,https://blog.naver.com/totos1207/224190540879,그런데 기존에 다*소에서 구입한 자동 <b>우유거품기</b>는 폼을 치는 속도가 너무 느리고 파워가 약해서... 계란 거품을 내거나 쉐이커로 이용할 수 있는 거품기와 우유와 생크림을 거품낼 수 있는 거품기로 나뉘어... ,미코유 요리날다,blog.naver.com/totos1207,20260222,우유거품기
코스트코 일리 <b>우유거품기</b> 밀크프로더 2년 사용 소음 장단점... ,https://blog.naver.com/stingcream/224064234137,구성 #일리<b>우유거품기</b> 는 아래같이 구성되어 있어요 거품기 본체 거품망 2개 + 일반망 1개 투명 뚜껑... -뜨거운 라떼 + 우유거품 -핫초코 기능 -차가운 <b>우유거품 기</b>능 저는 주로 뜨거운 우유 모드 사용하고... ,코즈 Coz 리빙 & 리뷰,blog.naver.com/stingcream,20251104,우유거품기
<b>우유거품기</b>로 밀크폼 만들기  홈카페 레시피,https://blog.naver.com/eyryu7979/223707635218,"준비 해 주실건, 우유와 <b>우유거품기</b> 단 두개뿐이예요. 앞서 소개해 드린 휘스크를 포트안에 넣어주세요. 마그네틱 체결방식이라 넣으면 휘스크가 알아서 포트 바닥에 착 붙는답니다. 세상 간편하고 간단하죠?... ",방방애미의 애미백반,blog.naver.com/eyryu7979,20241228,우유거품기
네스프레소 <b>우유거품기</b> 나노포머 내돈내산,https://blog.naver.com/slow-andsteady/224099413549,"기존 <b>우유거품기</b>는 우유데우기 기능과 거품만들기가 동시에 가능하지만 세척이 귀찮아서 자주 사용하지 않을거같았다 이케아 2천원짜리 거품기 사용중이었는데 업그레이드를 원해서 나노포머로 결정, 이케아... ",차곡차곡 블로그,blog.naver.com/slow-andsteady,20251205,우유거품기
"에코 반자동 <b>우유 거품기</b>, 머랭이 이렇게 쉬웠나?",https://blog.naver.com/zssdmsln/224213363134,에코 반자동 <b>우유 거품기</b> 미니 휘핑기 머랭치기 빵 반죽기는우유 거품과 머랭을 빠르게 만들어 주는... 손거품기와 전동 믹서 사이의 틈을 채우는 성격이 명확합니다. 도구 잘 맞는 작업 일상에서의 느낌... ,zssdmsln님의블로그,blog.naver.com/zssdmsln,20260312,우유거품기
[홈카페 필수템] 카브로시아 <b>우유 거품기</b> 소형 리얼 후기... ,https://blog.naver.com/lifeisswell/224209433006,카브로시아 몽글몽글한 <b>우유 거품기</b> 소형 요즘 집에서 커피를 즐기는 홈카페 문화가 정말 인기죠... 1️⃣ 우유를 컵에 넣기 2️⃣ 거품기를 우유에 넣기 3️⃣ 버튼을 누르면 회전 시작 몇 초만 지나면... ,좀 더 넓은 세상의 삶으로 GOGO,blog.naver.com/lifeisswell,20260309,우유거품기
반자동보다 편리한 <b>우유거품기</b> 전자동 에스프레소 커피 머신,https://blog.naver.com/ararar0625/223782929750,"✅ 장점 ✔버튼 하나로 원두 그라인딩부터 추출, 우유 거품까지 완성 ✔<b>우유 거품기</b>를 따로 사용하지 않아도 라떼, 카푸치노를 쉽게 만들 수 있음 ✔세척과 유지 관리가 간편함 ✔다양한 커피 레시피를 자동으로... ",뉴니의 스윗홈,blog.naver.com/ararar0625,20250304,우유거품기
"카브로시아 <b>우유거품기</b> 사용해보니, 집에서도 카페처럼 즐기는... ",https://blog.naver.com/go5ni/224215656626,커피머신으로 에스프레소를 먼저 추출해주었어요 <b>우유거품기</b>에 우유를 MAX선에 맞춰 넣어주었어요. 그리고 버튼을 눌러주니 우유가 약 70도 정도로 데워지면서 거품기가 돌아가더니 우유 거품이 금방 올라오기... ,리뷰하는 태태맘,blog.naver.com/go5ni,20260313,우유거품기
"김숙 <b>우유 거품기</b>, 첸포 포밍블러 라떼 메이커 힐링템",https://blog.naver.com/rkarbfl/224088031758,김숙 <b>우유 거품기</b> 관련 문의가 많았던 걸 기억하실 거예요. 영상 속에서 우유 라떼를 직접 만드는... 내부에 거품기가 장착되어 있는 구조라면 더욱 효율적으로 공기를 주입할 수 있어요. 한 잔씩 적당한 양이... ,Dyana's English,blog.naver.com/rkarbfl,20251125,우유거품기
<b>우유거품기</b> 일리 밀크프로더 단점 장점,https://blog.naver.com/gowls1128/224136778020,이라는 우유스팀 기능이 있는 캡슐 머신을 오랜 기간 사용한 적이 있어 <b>우유 거품기</b>의 매력을 잘 알고... 좋아요 거품기 장치가 자석으로 되어 있어서 세척 후 결합할 때에 편리해요 또한 내부가 스테인리스... ,리빙포유,blog.naver.com/gowls1128,20260106,우유거품기
전동<b>우유거품기</b> 비로소 완성하는 홈카페,https://blog.naver.com/bbolongyi/224121243642,전동<b>우유거품기</b>로 거품을 만들고 우유를 데워보자 버튼 하나만 눌러주면 우유가 데워지면서 풍성한 거품까지 만들어 준다 냉장고에 있던 차가운 우유를 넣어도 약 70도가 되는 따뜻한 우유로 만들어 줌 또리야... ,윤여사's 이야기 다락방,blog.naver.com/bbolongyi,20251225,우유거품기
달고나커피 달고나라떼 만드는법 쉬운 자동 <b>우유거품기</b>,https://blog.naver.com/musoi99/224190593663,"이걸 만들 때 손거품기를 이용하면 손목이 아파서 만들기 힘든데요. 하지만 오늘은 자동 <b>우유거품기</b>를... 두가지 헤드가 있는 자동 <b>우유거품기</b>라서 우유나 생크림 거품을 낼 때는 납작한 것으로, 계란 거품을... ",미상유 맛있는 남자이야기,blog.naver.com/musoi99,20260221,우유거품기
충전식 프리즈마 <b>우유거품기</b> 홈카페 리빙템 리뷰,https://blog.naver.com/everytime_jj/224028848087,"따뜻하게 데운 우유 위에 <b>우유거품기</b>를 30초만 돌리면 폭신한 우유 거품이 생기고, 거기에 커피를 부으면 진짜 카페라떼가 완성돼요. 물론 시나몬만 있다면 카푸치노도 가능하지요. 연습하다 보면 라떼아트까지... ",전업주부가 사는 법,blog.naver.com/everytime_jj,20251001,우유거품기
전동<b>우유거품기</b> 후기 집에서 만드는 카페라떼 홈카페 방법,https://blog.naver.com/hanvit_lol/224131567012,전동<b>우유거품기</b> 카브로시아 <b>우유 거품기</b> 글/사진 오리좌 안녕하세요. 오리좌입니다. 찬 바람 불면... 사이즈는 위 사진 정도 적절히 준비해주시고 거품기에 MAX선에 우유 붓고 데우기용 회전자로 버튼 한번... ,잘먹고 잘사는 오리좌,blog.naver.com/hanvit_lol,20260102,우유거품기
전동 <b>우유거품기</b> 우유스팀기 소형 솔직리뷰 홈카페 가정용 올리... ,https://blog.naver.com/dkfk0870/224202834858,가정용 우유스팀기 없을까?” 찾다가 이번에 올리 전동 <b>우유거품기</b>를 써보게 됐어요. ☕ 가장 크게... “가끔 쓰는 거품기”에서 “매일 쓰는 루틴템”으로 바뀐 느낌이에요.  상세 스펙과 가격은 아래에서... ,강풍만의 타이얼드한 다이어리,blog.naver.com/dkfk0870,20260303,우유거품기
홈카페 수동 <b>우유거품기</b>로 아이스 카라멜 마끼아또 만드는 방법,https://blog.naver.com/dodadda2/224061499511,✔️우유 대신 오트밀크나 두유도 가능 - 색다른 풍미! ✔️카라멜 대신 바닐라 시럽 사용 - ‘바닐라 마끼아또’로 변신 수동 <b>우유거품기</b>의 매력 요즘 전동 거품기가 많지만 수동 거품기는 ‘손맛’이 있어서... ,☆ 내리는 카페,blog.naver.com/dodadda2,20251101,우유거품기
블라블라 - 스메그 밀크포머 (<b>우유거품기</b>) / 칼로하스 추가설명,https://blog.naver.com/pink_parfait/224210369367,스메그 스메그 <b>우유거품기</b>를 파리집에서 너무 잘쓰고 있어서 부산집에도 하나 주문했어요... 매일아침 우유 넣고 칼로하스 한포 넣고 돌리면! 이 차갑고 꾸우-덕한 거품좀 보시라구요 완벽한 말차라떼... ,핑크파르페 러브캐비넷,blog.naver.com/pink_parfait,20260309,우유거품기
홈카페 제품 추천! 내돈내산 '일리<b>우유거품기</b>' 솔직 후기,https://blog.naver.com/92yhj/224191040709,깨끗한가봄~ 거품기의 포인트는 저 디스크에 있다 스프링처럼 생긴애가 거품만들어주는거!(천공디스크... 일리<b>우유거품기</b>로 또 따뜻하게 데워서~ 한번 해보는데 ㅎㅎ 우유는 많고 거품은 나오지 않았따 첫 잔은... ,히희동이,blog.naver.com/92yhj,20260222,우유거품기
드롱기 <b>우유거품기</b>로 부드러운 거품 가득 말차라떼 만들기,https://blog.naver.com/loveyou12/223566833066,"게다가 드롱기 구름치노 내부에는 이렇게 거품기가 있는데요. 자석 타입으로 되어있어서 세척하는데 참... 이 드롱기 <b>우유거품기</b>는 우유뿐만 아니라 오트 우유, 인스턴트커피, 말차라떼 스틱 등을 함께 더해... ",플러키비비의 맛있는 김밥 lab,blog.naver.com/loveyou12,20240830,우유거품기
"실제로 좋다고 난리난, 일리 <b>우유거품기</b>! 할인 구입 방법",https://blog.naver.com/ararar0625/224045773238,"실제로 좋다고 난리난, 일리 <b>우유거품기</b>! 할인 구입 방법 요즘 홈카페를 즐기는 분들이라면 한 번쯤... 일리 밀크 프로더는 사용후 흐르는 따뜻한 물에 잘 헹군 뒤 부드러운 행주로 거품기 내부를 잘 닦아내면... ",뉴니의 스윗홈,blog.naver.com/ararar0625,20251018,우유거품기
홈카페 용품 <b>우유거품기</b> 드롱기 구름치노 카푸치노 라떼 레시피,https://blog.naver.com/kmccall/223566787151,걱정이 있었어요 그런데 막상 드롱기 <b>우유거품기</b> 사용해 보니 우유 넣고 전원 버튼만 누르면 되니까... 기본 구성은 <b>우유거품기</b> 본체와 360도 회전 받침대 그리고 뚜껑 거품기로 뚜껑은 BPA 프리 제품으로... ,치과위생사엄마 DIY.살림.육아 꿀팁저장소♥️♥️,blog.naver.com/kmccall,20240830,우유거품기
일리 밀크프로더 세트 추천 사용기 <b>우유거품기</b> 라떼 만들기 강추,https://blog.naver.com/woandos/224111609932,"다이소 거품기와 비교가 안된다구요 ㅋㅋ (하긴 , 돈 차이가 얼만데 ㅋㅋㅋㅋㅋ) 일리 밀크프로더... 밀크프로더사용기 #<b>우유거품기</b> #라떼만들기 #카푸치노만들기 #우유폼만들기 #우유폼 #우유폼만들기강추 (C)... ",쓰리맘마,blog.naver.com/woandos,20251216,우유거품기
러셀홉스 <b>우유 거품기</b> 코스트코 온라인몰,https://blog.naver.com/blushboss/223814753579,러셀홉스 밀크 포머 (라테 <b>거품기</b>) <b>우유</b>도 데워주고 거품도 만들어주는 제품인데요 밀크 포머 특성상 세척이 어려운 제품이라 고민하다가 요즘에 육아하면서 집에 있는 시간이 많아지니까 맛있는 라테가 마시고... ,떠비니네 살림살이,blog.naver.com/blushboss,20250330,우유거품기
살리는 홈카페인테리어 필수템! 전동 <b>우유거품기</b> 스팀피쳐 추천,https://blog.naver.com/parksj5282/224188537885,(진짜 제대로 꽂혔단말임!) 근데 집에 보니까 <b>우유거품기</b>가 있긴 있더라고! (근데 싼거임) 근데... ㅋㅋㅋㅋ 바로바로~ 올리에서 나온 전동거품기 였습니다요! 스펙 체크! 총 4가지 모드가 있더라구! 따뜻한 우유... ,진진의 살림 한 걸음,blog.naver.com/parksj5282,20260220,우유거품기
러셀홉스 <b>우유거품기</b> RH-MF1003WH 솔직 리뷰,https://blog.naver.com/jylhee0704/223790391859,<b>우유 거품기</b>가 필요해서 지난 달에 현대카드 m 포인트몰에서 포인트로 구입했어요. 라떼를 좋아하는데... 거품기를 장착해줍니다. 우유 150ml입니다. 우유를 넣어주고요. 선택 버튼을 눌러 따뜻한 거품이 되면... ,밥심은 국력의 맛있는 이야기,blog.naver.com/jylhee0704,20250314,우유거품기
올리 전동 <b>우유거품기</b> 스팀기 OLMF08 우유데우기,https://blog.naver.com/bk32167/223848093536,"이번 글에서는 올리 전도거품기 <b>우유거품기</b> 소개 드려보려고 하는데요. 1분이면 우유 위에 거품을 만들어줄 수 있어서 커피에 섞게 되면 카페라떼가 되어, 집에서도 카페라떼를 즐길 수 있게 해줍니다. 여러... ",자유분방 IT사진,blog.naver.com/bk32167,20250427,우유거품기
까사카페 에스프레소 머신 카페라떼 만들기 <b>우유거품기</b> 추천,https://blog.naver.com/wookyungmom/223459473052,풍성한 우유 거품이 만들어져요 <b>우유거품기</b> 있는 제품도 사용해 봤지만 은근히 귀찮아서 한두 번 사용하고 안 하게 되더라고요~ 까사카페 반자동 에스프레소 머신을 들인 후로는~ 사용하기도 편하고 오토... ,투우맘,blog.naver.com/wookyungmom,20240527,우유거품기
올리 <b>우유거품기</b> 휘핑기 믹스커피라떼 만들기,https://blog.naver.com/kkwrkdrk2/223852594960,"바로 올리 <b>우유거품기</b>입니다. 처음에는 단순히 거품기 하나쯤 있으면 좋겠다 싶어서 선택했는데... 올리 거품기에 우유와 설탕 약간을 넣고, 고속 회전 모드로 거품을 만들어 주세요. 마지막으로 만들어진 거품을... ",웅이 일상,blog.naver.com/kkwrkdrk2,20250501,우유거품기
전참시 이영자 생강차 생강청 라떼 군고구마 <b>우유거품기</b>... ,https://blog.naver.com/mn_uni/223637124724,우유를 데울 수 있어요. 바쁜 아침 시간에도 빠르게 사용할 수 있어요. 이영자 거품기는 이중망 필터가 진짜 신의 한수 인데요. 펌핑을 작게 해도 쫀쫀하고 풍성한 거품이 만들어져요. 이영자 <b>우유거품기</b>... ,성범죄 사건에 강한 형사법 전문 배한진 변호사,blog.naver.com/mn_uni,20241028,우유거품기
홈카페 <b>우유거품기</b> 추천 | 올리 전동거품기로 라떼 만들어본 후기,https://blog.naver.com/real_godtem/224211904856,전동거품기 <b>우유거품기</b> 밀크프로더에 대해 소개해보려고 합니다. 요즘 집에서 홈카페 많이 하시죠. 커피 머신은 있는데 막상 라떼 만들려고 하면 이런 생각 듭니다. &quot;우유 거품은 어떻게 만들지?&quot; &quot;카페처럼... ,실생활필수템,blog.naver.com/real_godtem,20260311,우유거품기
일리 밀크프로더 <b>우유거품기</b> 내돈내산 리뷰,https://blog.naver.com/sallysattic/223730922614,아침마다 우유를 데우는게 일이었답니다. 전자렌지에 데워서 다이소 거품기로 거품 살짝 내주고 라떼를 만들었었는데요. 뭔가 2% 부족한 느낌. 그래서 <b>우유거품기</b>를 검색하다가 세척이 간편하고 디자인이 예뻐서... ,"사랑하라, 한번도 상처받지 않은 것처럼",blog.naver.com/sallysattic,20250119,우유거품기
프리즈마 포터블 전동 <b>우유거품기</b> 부드러운 거품과 아늑한 시간,https://blog.naver.com/faj79e8fa0z/224218750611,프리즈마 포터블 전동 <b>우유거품기</b> 무선 휘핑기 생크림 라떼아트 머랭치기 계란거품기... 쌀쌀한 아침 따뜻한 우유를 준비하고 휘핑기 버튼을 누르는 순간 기대감이 고조됩니다. 부드럽게 돌아가기 시작하는... ,별빛과 달빛의 조화,blog.naver.com/faj79e8fa0z,20260316,우유거품기
자동화된 <b>우유 거품기</b> 간편한 일상,https://blog.naver.com/predpuxrn599/224218627402,이미지출처-네이버쇼핑커넥트 전동 미니 <b>거품기</b> 자동 <b>우유</b> 핸드 휘핑기는 특별한 아침이나 여유 있는 저녁을 더욱 풍요롭게 만드는 작은 도구입니다. 소음 없는 작동 소리와 함께 천천히 부풀어오르는 <b>우유</b>의... ,무지개 다리 위에서,blog.naver.com/predpuxrn599,20260316,우유거품기
다이소 미니 전동거품기 <b>우유 거품기</b> 사용방법 솔직후기 간단한... ,https://blog.naver.com/2665876/223919853977,우유 거품을 만들어서 올려 먹으니 커피 맛이 한층 높아집니다. 다이소 <b>우유 거품기</b>~ 전동 미니 거품기 생각보다 거품이 잘 납니다. 하지만 계란 풀 때 사용하는 건 불편했어요. 계란이 묵직하니 밀도가... ,One Tree,blog.naver.com/2665876,20250703,우유거품기
일리 밀크프로더 전자동 <b>우유거품기</b> 감성 홈카페 용품,https://blog.naver.com/dh_9012/224144780193,"일리 전자동 <b>우유거품기</b>는 커피가 아니고도 핫초코, 따뜻한 우유 거품을 만들어 추운 몸을 녹이기에도 알맞은 홈카페 용품이에요. 아인슈페너 간단하게 만들기 일리 밀크프로더에 적당량의 우유를 넣고 차가운... ",오늘의 감성하우스⋆,blog.naver.com/dh_9012,20260113,우유거품기
"겨울엔 핫초코 만들기, 홈카페 필수품 <b>우유거품기</b>",https://blog.naver.com/young07080/223707968941,#<b>우유거품기</b> #위즈웰 #거품기 #전동거품기 #<b>우유거품기</b>추천 오늘은 주말 홈카페 오픈했습니다. ㅎㅎ... 뜨거운 여자에욤 큭 라떼하면 거품인데 <b>우유거품기</b> 있기 전까지 전자레인지에 우유를 데웠어요. 그리고... ,스윗핸즈[앙금플라워&디저트],blog.naver.com/young07080,20241228,우유거품기
&quot;detao자동<b>우유거품기</b>&quot; 사용후기,https://blog.naver.com/old_duck/224155574717,"따뜻한 우유에 거품 올려 마셔본 우리 조금 우울했는데 남편이 그래도 거품 만들어줘서 따뜻하게 잠을 잤어요 ㅎㅎ,, 일리 커피머신 때문에 약간은 우당탕탕했지만 저녁에 <b>우유거품기</b>는 문제없이... ",늙은오리의 일상 기록,blog.naver.com/old_duck,20260122,우유거품기
일리 밀크프로더 vs 네스프레소 <b>우유 거품기</b> 두 개 다... ,https://blog.naver.com/zziba/224016614287,네스프레소 <b>우유거품기</b>를 4년 정도 사용하면서 우유 데우기 기능은 잘 안 쓰게 되더라구요. 일리의 밀크프로더는 제일 자주 쓰는 메뉴만 엄선해서 넣어놓은 느낌입니다. 어찌보면 이게 더 좋은 거 같아요.... ,불량 직장인 핌포나,blog.naver.com/zziba,20250921,우유거품기
가성비 좋은 비바니 무선 전동 <b>우유거품기</b> 후기,https://blog.naver.com/soe_yona/223673901669,거품기는 요리할때나 홈카페 할때 은근 활용도가 좋은데요. 특히 라떼 즐겨마실때 간편하고 가성비있게... 먼저 디카페인 커피를 만든 후에 우유를 넣고 <b>우유거품기</b>를 사용해서 우유거품을 만들어 줍니다. 좀... ,살림하는 요나,blog.naver.com/soe_yona,20241126,우유거품기
블랙로스트 카브로시아 전동<b>우유거품기</b> 집에서 카푸치노만들기,https://blog.naver.com/introvertplant/224212671120,따뜻하게 데운 우유를 컵이나 머그잔에 넣은 다음 <b>우유거품기</b>를 넣고 버튼을 눌러주기만 하면 순식간에 부드러운 우유 거품이 만들어진답니다. 우선 코드를 연결하고 선만큼 우유를 부어주세요~~ 몇 초만... ,망고리타,blog.naver.com/introvertplant,20260313,우유거품기
풍성한 라떼 핫초코 만들기 미마 <b>우유거품기</b>,https://blog.naver.com/petitejr1/223609664610,비주얼도 성능도 확실한 미마 <b>우유거품기</b> 추천 드려요! #미마전자 #미마 #<b>우유거품기</b> #홈카페 #인덕션거품기 #밀크프로더 #라떼아트 #핫초코 #우유데우기 #라떼메이커 #요거트제조기 #전동쉐이커 #뱅쇼제조기,스마일룸,blog.naver.com/petitejr1,20241007,우유거품기
블라블라 - 스메그 <b>밀크포머</b> (우유거품기) / 칼로하스 추가설명,https://blog.naver.com/pink_parfait/224210369367,스메그 <b>밀크포머</b> 얼마나 맘에 들었으면 두개나 샀겠어요 제일 좋은게 좋은게 뜨거운 거품은 당연하고... 스메그 <b>밀크포머</b>는 다른 제품에 비해서 가격이 비싸긴하지만 성능은 확실해요- 라떼 잘 만들어드시는... ,핑크파르페 러브캐비넷,blog.naver.com/pink_parfait,20260309,밀크포머
"스메그 <b>밀크포머</b> 실사용 후기, 내돈내산, 홈카페 업그레이드템... ",https://blog.naver.com/lolllolbubu/224198194745,스메그 <b>밀크포머</b> 화이트 홈카페 <b>밀크포머</b> 추천 내돈내산 실사용 후기 재작년에 들인 스메그 전자동 커피머신은 우리 부부의 일상에 꽤 깊숙이 자리 잡았다. 보통 아침에는 따뜻한 아메리카노를 내려 마신다. 그... ,"즐기며 살자, 롤롤",blog.naver.com/lolllolbubu,20260227,밀크포머
홈카페 마스터! 2만원대 전동 <b>밀크포머</b>로 라떼 아트 정복,https://blog.naver.com/hush92304/224217750254,"오늘 소개해드릴 '전동 <b>밀크포머</b> 우유스팀기 자동 우유스티밍 밀크스티머'는 놀라운 가격 26,900원에 여러분의 홈카페를 한 단계 업그레이드해 줄 아이템입니다. 정가 40,000원에서 32% 할인된 파격적인 가격으로... ",인천경제 Insight,blog.naver.com/hush92304,20260316,밀크포머
버튼 하나로 끝내는 완벽한 우유 거품 '스마트 스팀 <b>밀크포머</b>',https://blog.naver.com/tlmoiyay/224212336798,전동 <b>밀크포머</b> 우유스팀기 자동 우유스티밍 밀크스티머만 있다면 꿈이 현실이 됩니다. 버튼 하나만 누르면 360도 회전하는 강력한 마그네틱 믹싱 기술로 차가운 우유도 따뜻하고 풍성한 거품으로 변신시켜주죠.... ,tlmoiyay님의 블로그,blog.naver.com/tlmoiyay,20260311,밀크포머
"☕️ 홈카페 필수템, 전동 <b>밀크포머</b> 우유 스팀기 32% 할인... ",https://blog.naver.com/8iiujj/224213730654,#전동<b>밀크포머</b> #우유스팀기 #자동우유스티밍 #밀크스티머 #홈카페 #커피용품 #라떼아트 #카푸치노 #커피메이커 #주방용품 #가성비템 #할인 #특가 #자동거품기 #우유거품기 #커피머신 #온더테이블 #홈카페놀이... ,8iiujj님의 블로그,blog.naver.com/8iiujj,20260312,밀크포머
라떼 3~4인분용 미마전자 인덕션 우유거품기 <b>밀크포머</b> 추천 후기,https://blog.naver.com/romeoyo/223653557831,커피머신과 우유 스팀기 없이 핸드드립과 콜드브루 더치커피만 제공하기 때문에 우유 덥히기와 거품내는 <b>밀크포머</b>가 꼭 필요합니다. 별 특징 없이 그런대로 무난한 일리 illy <b>밀크포머</b>를 사용중에 큰 문제에... ,디지털 기즈모,blog.naver.com/romeoyo,20241109,밀크포머
일리 <b>밀크포머</b> 우유거품기를 사려다 (HIBREW 밀크프로더 M1A),https://blog.naver.com/cinamonmilk/223721130014,입주민 전용 카페는 저녁에도 열려 있건만 이제 와 네스프레소 에어로치노나 일리 <b>밀크포머</b>를 하나... 일리 <b>밀크포머</b> 구입은 당장 필요 없을 듯싶다. 라떼를 잘 해먹질 않으니 수제 마요네즈를 만들어... ,계피우유,blog.naver.com/cinamonmilk,20250110,밀크포머
32% 할인 중인 전동 <b>밀크포머</b>로 라떼아트 마스터하기,https://blog.naver.com/clgjujgv/224213892339,#전동<b>밀크포머</b> #우유스팀기 #자동우유스티밍 #밀크스티머 #홈카페 #라떼아트 #카푸치노 #마끼아또 #커피메이커 #우유거품기 #할인 #가성비 #주방가전 #인테리어 #선물추천 #에스프레소 #커피머신 #간편세척... ,clgjujgv님의 블로그,blog.naver.com/clgjujgv,20260312,밀크포머
부드러운 우유 거품을 선사하는 자동 스팀형 <b>밀크포머</b>,https://blog.naver.com/easotiqk/224207476886,"전동 <b>밀크포머</b>의 가장 큰 장점은 사용의 간편함이에요. 출처-브랜드 커넥트 버튼 하나로 작동이 가능하고, 원하는 밀크폼의 농도를 선택할 수 있는 기능도 있어요. 예를 들어, 라떼를 만들고 싶다면 우유를... ",기린요원,blog.naver.com/easotiqk,20260307,밀크포머
말차라떼스틱 &amp; 화이트모카스틱 (feat.스타벅스 <b>밀크 포머</b>),https://blog.naver.com/jieunmikami/223512435272,"요 스벅 <b>밀크 포머</b>는 2017년 후쿠오카에서 사 온 건데 여태까지 실사용 10회 미만;; 라떼 마실 때 사용해야... 적은 양의 우유를 렌지에 넣고 데운 뒤, <b>밀크포머</b>기 작동하면 이렇게나 크리미하고 부드럽고... ",Dancing in the Moonlight,blog.naver.com/jieunmikami,20240714,밀크포머
온도계형 스팀피쳐 350ml <b>밀크 포머</b> 사용해보고 느낀 점,https://blog.naver.com/inherently70/224178088875,"수동 <b>밀크 포머</b> 기능을 갖춘 제품으로, 커피 라떼와 같은 다양한 음료의 거품을 쉽게 만들 수 있는... 또한, 수동 <b>밀크 포머</b>로서의 특성 덕분에 사용자가 직접 우유의 거품을 조절할 수 있어, 원하는 농도와... ",inherently70님의 블로그,blog.naver.com/inherently70,20260210,밀크포머
카페라떼스팀 우유거품기 휘핑 펌프 카푸치노 <b>밀크포머</b>,https://blog.naver.com/pfu7ly/224210756660,펌프 #카푸치노 메이커 #<b>밀크포머</b> #홈카페 #라떼아트 #커피용품 #주방가전 #생활가전 #커피머신 #바리스타 #이탈리아커피 #가성비 #할인 #선물추천 #크림휘핑 #베이킹도구 #음료제조 #스팀밀크,pfu7ly님의 블로그,blog.naver.com/pfu7ly,20260310,밀크포머
카페라떼 스팀 우유거품기 <b>밀크포머</b>로 즐기는 완벽한 라떼,https://blog.naver.com/ciivrt1gr/224210793020,"카페라떼 스팀 우유거품기 <b>밀크포머</b>로 즐기는 완벽한 라떼 집에서도 카페처럼, 완벽한 우유 거품의... 이제 '카페라떼 스팀 우유거품기 휘핑 펌프 카푸치노 <b>밀크포머</b>'와 함께라면 누구나 손쉽게 완벽한 우유... ",시루는 국내 여행중~,blog.naver.com/ciivrt1gr,20260310,밀크포머
"홈카페의 완성! 부드러운 우유 거품의 마법, <b>밀크포머</b> 사용기",https://blog.naver.com/iylcnmix/224214696706,#우유거품기 #<b>밀크포머</b> #우유스팀기 #밀크스티머 #카페라떼 #홈카페 #아이보리 #주방용품 #커피용품 #라떼아트 #카푸치노 #마끼아또 #음료제조 #주방인테리어 #할인 #특가 #가성비 #커피 #스팀밀크 #우유거품,iylcnmix님의 블로그,blog.naver.com/iylcnmix,20260313,밀크포머
"집에서 즐기는 홈카페의 완성, 전동 <b>밀크포머</b> 우유 스팀기",https://blog.naver.com/jnikpwm/224207610143,#전동<b>밀크포머</b> #우유스팀기 #자동우유스티밍 #밀크스티머 #홈카페 #라떼아트 #카푸치노 #커피메이커 #주방가전 #가성비템 #할인 #초간단레시피 #우유거품기 #카페라떼 #에스프레소머신 #스마트가전 #인테리어... ,포켓쉼,blog.naver.com/jnikpwm,20260307,밀크포머
스메그 <b>밀크포머</b> 사용 파스텔그린  (MFF11PGEU),https://blog.naver.com/ckddbs87/223666725800,스메그 <b>밀크포머</b> 사용 파스텔그린 (MFF11PGEU) 신강 스메그 매장은 9층 생활(가전/키친웨어) 용품 파는... 그래서 걍 고 ㅋㅋㅋ 스메그 <b>밀크포머</b> 파스텔그린 으로 구입했습니다. 여기까지 왔는데 바로 들고가야지!... ,콩콩❤️,blog.naver.com/ckddbs87,20241119,밀크포머
집에서 카페처럼! 전동 <b>밀크포머</b>로 즐기는 홈카페의 모든 것,https://blog.naver.com/gleamgauge61/224207406626,#전동<b>밀크포머</b> #우유스팀기 #자동우유스티밍 #밀크스티머 #홈카페 #커피용품 #라떼아트 #카푸치노 #마끼아또 #주방가전 #커피머신 #우유거품기 #할인 #특가 #가성비 #모던디자인 #간편세척 #따뜻한우유... ,아라오토와 함께하는 자동차 블러그,blog.naver.com/gleamgauge61,20260307,밀크포머
라떼 아트의 완성! 카페 퀄리티 홈카페를 위한 수동 <b>밀크 포머</b>,https://blog.naver.com/xfmioh/224214556675,카페 퀄리티 홈카페를 위한 수동 <b>밀크 포머</b> 집에서도 카페처럼! 라떼 아트의 시작은 부드러운 우유 폼... 코코아나 밀크티를 만들 때도 부드러움을 더해줍니다. 홈카페 음료의 퀄리티를 한 단계 업그레이드... ,xfmioh님의 블로그,blog.naver.com/xfmioh,20260313,밀크포머
카페 퀄리티 완성! <b>밀크 포머</b> 스팀기 우유 거품기 신세계 경험,https://blog.naver.com/fqdjibmm/224212057841,"<b>밀크 포머</b> 스팀기 우유 거품기 신세계 경험 풍성하고 부드러운 우유 거품, 이제 집에서도 완벽하게!... 오늘 소개해드릴 '<b>밀크 포머</b> 우유 스팀기 거품기 수동 카푸치노 라떼 메이커'는 여러분의 홈 카페 경험을 한... ",fqdjibmm님의 블로그,blog.naver.com/fqdjibmm,20260311,밀크포머
더블망 <b>밀크 포머</b> 0.35L: 집에서도 즐기는 카페 퀄리티 라떼 아트,https://blog.naver.com/vzpsmx/224214652876,"더블망 <b>밀크 포머</b> 0.35L: 집에서도 즐기는 카페 퀄리티 라떼 아트 집에서 즐기는 완벽한 라떼 아트의... 이 밀크 스티머는 단순한 주방용품을 넘어, 당신의 애정 표현을 더욱 특별하게 만들어 줄 것입니다.... ",vzpsmx님의 블로그,blog.naver.com/vzpsmx,20260313,밀크포머
더블망 <b>밀크 포머</b> 0.35L: 집에서 즐기는 완벽한 라떼 아트의 세계,https://blog.naver.com/dtcljjf/224210804488,"더블망 <b>밀크 포머</b> 0.35L의 사용법은 놀라울 정도로 간단합니다. 먼저, 우유를 포머 용기의 1/3... #더블망<b>밀크포머</b> #<b>밀크포머</b> #우유거품기 #라떼아트 #홈카페 #카페라떼 #카푸치노 #밀크스티머 #우유스티머... ",dtcljjf님의 블로그,blog.naver.com/dtcljjf,20260310,밀크포머
카페 퀄리티 완성! 바리스타가 된 듯한 <b>밀크 포머</b> 우유 스팀기,https://blog.naver.com/beonnc/224205963872,"<b>밀크 포머</b> 우유 스팀기 홈카페의 완성, 풍성한 우유 거품의 마법 매일 아침, 혹은 나른한 오후. 집에서도 카페 퀄리티의 부드러운 라떼와 카푸치노를 즐기고 싶으신가요? 홈카페를 꿈꾸는 당신에게 ‘<b>밀크 포머</b>... ",쉼표에 머물다,blog.naver.com/beonnc,20260305,밀크포머
매일 카페 퀄리티 홈카페 완성! 전동 <b>밀크포머</b> 32% 할인 찬스,https://blog.naver.com/ihtnsqh/224207096064,#전동<b>밀크포머</b> #우유스팀기 #자동우유스티밍 #밀크스티머 #홈카페 #커피용품 #라떼아트 #카푸치노 #우유거품기 #초간편 #할인특가 #26900원 #네이버쇼핑 #주방가전 #커피머신 #가정용커피메이커 #초보홈카페... ,오빤드라마대마왕,blog.naver.com/ihtnsqh,20260306,밀크포머
집에서 카페처럼! ☕️ 전동 <b>밀크포머</b>로 홈카페 완성하기,https://blog.naver.com/mint19987/224210106611,#전동<b>밀크포머</b> #우유스팀기 #자동우유스티밍 #밀크스티머 #홈카페 #커피메이커 #라떼아트 #카푸치노 #홈카페용품 #주방가전 #커피용품 #우유거품기 #할인 #특가 #가성비 #인테리어 #간편세척 #핸드드립... ,리뷰하는 이니의 일상기록,blog.naver.com/mint19987,20260309,밀크포머
홈아트 800ml <b>밀크 포머</b> 사용해보니 바리스타처럼 우유 거품... ,https://blog.naver.com/pssenger34391/224179641661,홈아트 <b>밀크 포머</b> 추천 할인 정보와 구매 가이드 홈아트 800ml 우유 거품기는 집에서 바리스타처럼 맛있는 카푸치노와 라떼를 만들 수 있도록 도와주는 제품입니다. 이 제품은 스팀기를 사용하여 밀크 포밍을... ,pssenger34391님의 블로그,blog.naver.com/pssenger34391,20260211,밀크포머
홈카페의 완성! 카페라떼 스팀 우유 거품기 <b>밀크포머</b>,https://blog.naver.com/hercles85334/224209477321,"라떼 아트의 기본이 되는 섬세한 밀크폼은 이 기기로 손쉽게 완성할 수 있습니다. 카푸치노, 마키아또, 플랫 화이트 등 다양한 커피 메뉴를 집에서 간편하게 즐겨보세요. 이 가정용 <b>밀크포머</b>는 여러분의 커피... ",hercles85334님의 블로그,blog.naver.com/hercles85334,20260309,밀크포머
카페라떼 스팀기 뷔페 우유펌프 거품기 스티머 <b>밀크포머</b>,https://blog.naver.com/al7pheaf/224210178516,스티머 #<b>밀크포머</b> #홈카페 #업소용커피머신 #카페용품 #라떼아트 #커피용품 #뷔페용품 #커피거품기 #바리스타도구 #우유스티머 #커피머신 #가정용커피메이커 #자동거품기 #밀크스팀기 #커피만들기 #디저트카페,al7pheaf님의 블로그,blog.naver.com/al7pheaf,20260309,밀크포머
"홈카페의 완성, <b>밀크 포머</b> 우유 스팀기 완벽 가이드",https://blog.naver.com/hiairx/224217620596,"홈카페의 완성, <b>밀크 포머</b> 우유 스팀기 완벽 가이드 풍부한 우유 거품, 집에서 간편하게! 집에서도 카페... 카푸치노, 라떼 아트를 위한 섬세한 거품부터 따뜻한 밀크티나 핫초코를 위한 부드러운 우유까지... ",hiairx님의 블로그,blog.naver.com/hiairx,20260316,밀크포머
라떼 아트 마스터를 위한 800ml 수동 <b>밀크 포머</b> 완벽 가이드,https://blog.naver.com/mqerabtjp/224206163472,#수동<b>밀크포머</b> #커피거품기 #우유거품기 #라떼아트 #홈카페 #카페용품 #주방용품 #커피용품 #800ml #가정용커피머신 #밀크프레서 #우유데우기 #카푸치노메이커 #커피추천 #가성비 #집들이선물 #커피만들기... ,맛집 일상,blog.naver.com/mqerabtjp,20260306,밀크포머
"아이보리 <b>밀크포머</b>로 카페라떼 만들기, 사용해보니 정말... ",https://blog.naver.com/dxqrit5696/224173398231,우유거품기 <b>밀크포머</b> 추천 특장점과 가격 할인 정보 우유거품기 <b>밀크포머</b>는 집에서도 간편하게 카페 스타일의 음료를 즐길 수 있게 해주는 제품입니다. 특히 카페라떼를 만들 때 필수적인 아이템으로... ,dxqrit5696님의 블로그,blog.naver.com/dxqrit5696,20260206,밀크포머
전동 <b>밀크포머</b> 자동 우유스팀기 사용해보니 정말 편리하네요,https://blog.naver.com/qusdnjsdlf165284/224177688759,"전동 <b>밀크포머</b> 추천 특장점과 가격 할인 소식 전동 <b>밀크포머</b>는 집에서 고품질의 우유 스티밍을 간편하게 즐길 수 있는 제품으로, 특히 카페에서 마시는 라떼와 같은 음료를 집에서도 손쉽게 만들 수 있는... ",qusdnjsdlf165284님의 블로그,blog.naver.com/qusdnjsdlf165284,20260209,밀크포머
집에서도 카페처럼! 아이보리 <b>밀크포머</b>로 라떼아트 도전기,https://blog.naver.com/felppsv/224204771172,#우유거품기 #<b>밀크포머</b> #우유스팀기 #밀크스티머 #카페라떼만들기 #홈카페 #커피용품 #주방용품 #가성비 #할인 #아이보리 #라떼아트 #카푸치노 #핸드드립 #에스프레소 #커피머신 #우유거품 #따뜻한우유... ,동그리의 생활 리뷰,blog.naver.com/felppsv,20260305,밀크포머
아이보리 <b>밀크포머</b>로 라떼 아트의 달인이 되는 비결,https://blog.naver.com/riutmss3/224209469978,#우유거품기 #<b>밀크포머</b> #우유스팀기 #밀크스티머 #카페라떼만들기 #홈카페 #아이보리 #커피용품 #라떼아트 #카푸치노 #커피머신 #주방용품 #할인 #가성비 #인테리어 #집에서카페처럼 #라떼 #거품기 #스팀기... ,riutmss3님의 블로그,blog.naver.com/riutmss3,20260309,밀크포머
"아이보리 <b>밀크포머</b>로 카페라떼 만들기, 사용해보니 정말... ",https://blog.naver.com/nnj808/224175461483,우유거품기 <b>밀크포머</b> 추천 다양한 특장점과 가격 할인 소식 우유거품기 <b>밀크포머</b>는 특히 카페라떼와 같은 커피 음료를 집에서도 손쉽게 만들 수 있도록 도와주는 유용한 제품입니다. 이 제품은 밀크스팀기... ,nnj808님의 블로그,blog.naver.com/nnj808,20260207,밀크포머
카페라떼 스팀 <b>밀크포머</b>로 완벽한 카푸치노 만들기,https://blog.naver.com/ongurechu/224207566546,"다양한 커피 메뉴를 집에서 즐기세요 이 <b>밀크포머</b>는 카푸치노와 라떼 아트뿐만 아니라, 따뜻하고 부드러운 밀크폼이 필요한 모든 음료에 활용 가능합니다. 아이스 음료에도 차가운 밀크폼을 만들어 올려주면... ",영화를 좋아하는 곰돌이,blog.naver.com/ongurechu,20260307,밀크포머
홈카페 완성! 아이보리 <b>밀크포머</b>로 라떼 아트 전문가 되기,https://blog.naver.com/hushmatrix50/224209693719,#<b>밀크포머</b> #우유거품기 #우유스팀기 #밀크스티머 #카페라떼 #홈카페 #아이보리 #커피용품 #라떼아트 #주방가전 #생활용품 #할인 #커피머신 #가성비 #선물추천 #간편요리 #브런치 #카페놀이 #핸드드립 #우유데우기,예능•드라마 PPL 전문 진행,blog.naver.com/hushmatrix50,20260309,밀크포머
"홈카페의 완성, 카푸치노를 위한 완벽한 선택! <b>밀크포머</b> 휘핑 펌프",https://blog.naver.com/lsse8m/224209421023,"우유 거품기, 밀크폼, 라떼 아트, 홈카페, 커피머신, 에스프레소 머신, 홈바리스타, 카푸치노 메이커, 라떼 메이커, 스팀밀크, 우유 거품기 추천, 전동 거품기, 커피용품, 주방용품, <b>밀크포머</b> 사용법, 홈카페 용품... ",lsse8m님의 블로그,blog.naver.com/lsse8m,20260309,밀크포머
"홈카페의 완성, 아이보리 <b>밀크포머</b>로 라떼 아트 마스터하기",https://blog.naver.com/k2ymhjr/224210759621,#우유거품기 #<b>밀크포머</b> #우유스팀기 #밀크스티머 #카페라떼만들기 #홈카페 #홈카페용품 #라떼아트 #카푸치노 #커피용품 #주방용품 #가성비템 #인테리어 #아이보리 #할인 #필수템 #핸드드립 #에스프레소머신... ,k2ymhjr님의 블로그,blog.naver.com/k2ymhjr,20260310,밀크포머
더블망 <b>밀크 포머</b> 0.35L 사용해보니 카페 라떼 아트가 이렇게... ,https://blog.naver.com/ghkdwhdals16077/224179318416,하지만 개인적인 용도로는 이 포머가 충분히 만족스러운 성능을 발휘할 것입니다. 더블망 <b>밀크 포머</b>는 가성비와 성능 모두에서 높은 평가를 받고 있는 제품입니다. 지금 할인된 가격으로 구매할 수 있는... ,ghkdwhdals16077님의 블로그,blog.naver.com/ghkdwhdals16077,20260210,밀크포머
아이보리 <b>밀크포머</b>로 라떼 아트의 달인이 되어보세요!,https://blog.naver.com/x9duzich/224214558175,#우유거품기 #<b>밀크포머</b> #우유스팀기 #밀크스티머 #카페라떼 #홈카페 #커피메이커 #라떼아트 #우유 거품 #아이스커피 #핫초코 #주방가전 #인테리어 #할인 #가성비 #아이보리 #커피용품 #라떼 #카푸치노 #모닝커피,x9duzich님의 블로그,blog.naver.com/x9duzich,20260313,밀크포머
MHW-3BOMBER(쓰리바머) <b>밀크포머</b>(우유거품기) 알리구매후기,https://blog.naver.com/iineplay/223878269815,나노<b>포머</b> V2를 고려했으나 너무 비싸서..가격차이가 많이 나는건 아니지만… 이건 잘되나요?? 어쨌든 이것도 어찌저찌하면 될것 같긴해 ㅋㅋㅋ 거품을 걷어내니 모양은 잘나오는데 결이 안나옴 거품을 더... ,이네 혼자놀기..,blog.naver.com/iineplay,20250526,밀크포머
"수동 우유거품기 스텐 이중망 라떼 스티머 <b>밀크포머</b>, 0.35L... ",https://blog.naver.com/cocoanickel35/224212037028,"오늘은 수동 우유거품기 스텐 이중망 라떼 스티머 <b>밀크포머</b>, 0.35L (10486), 1개를 소개해드릴게요. 이... 수동 우유거품기 스텐 이중망 라떼 스티머 <b>밀크포머</b>는 0.35L 용량으로, 집에서 간편하게 부드러운 우유... ",cocoanickel35님의 블로그,blog.naver.com/cocoanickel35,20260311,밀크포머
"집에서 즐기는 카페 퀄리티, 아이보리 <b>밀크포머</b>로 라떼 아트 정복!",https://blog.naver.com/pfwezz6b/224214557838,#우유거품기 #<b>밀크포머</b> #우유스팀기 #밀크스티머 #카페라떼만들기 #홈카페 #커피메이커 #라떼아트 #카푸치노 #마끼아또 #아이보리 #주방용품 #할인 #가성비 #인테리어 #생활가전 #따뜻한 음료 #차가운 음료... ,pfwezz6b님의 블로그,blog.naver.com/pfwezz6b,20260313,밀크포머
아이보리 <b>밀크포머</b>로 라떼 아트의 달인이 되는 법,https://blog.naver.com/mprfpkl/224209342297,#우유거품기 #<b>밀크포머</b> #우유스팀기 #밀크스티머 #홈카페 #카페라떼 #카푸치노 #라떼아트 #아이보리 #주방용품 #커피용품 #생활용품 #가성비 #할인 #선물추천 #초간편 #온더테이블 #홈베이킹 #음료제조 #집콕템,너를 그리다 반려동물 스튜디오,blog.naver.com/mprfpkl,20260309,밀크포머
카페 퀄리티! 더블망 <b>밀크 포머</b> 0.35L로 라떼 아트 마스터하기,https://blog.naver.com/spzysjlb/224212087395,"홈카페를 이제 막 시작하시는 분들이나, 기존의 포머가 만족스럽지 못했던 분들 모두에게 이 더블망 <b>밀크 포머</b> 0.35L를 강력 추천합니다. 이 스티머를 통해 라떼 아트 실력도 향상시키고, 매일매일 맛있는... ",spzysjlb님의 블로그,blog.naver.com/spzysjlb,20260311,밀크포머
하리오 <b>밀크포머</b> 거품기 브라운 CQT45BR 부드러운 거품 생성,https://blog.naver.com/uphcgpg/224172115590,하리오 <b>밀크포머</b> 거품기 브라운 CQT45BR은 집에서 손쉽게 카페 스타일의 부드러운 거품을 만들 수 있는... 하리오 <b>밀크포머</b>는 강력한 모터를 탑재하여 빠르고 균일한 거품을 생성하는 것이 특징입니다. 버튼... ,uphcgpg님의 블로그,blog.naver.com/uphcgpg,20260205,밀크포머
<b>밀크포머</b> 라떼만들기 진정한 부드러움,https://blog.naver.com/llyeaawyskf83248/224218928217,이미지출처-상품정보이미지 우유스팀기 라떼만들기 라떼거품기 <b>밀크포머</b> 커피거품기는 커피 애호가의... <b>밀크포머</b>를 통해 우유가 부풀어 오르는 과정을 지켜보는 것은 그 자체로 한 편의 작은 감동을... ,특템행성,blog.naver.com/llyeaawyskf83248,20260316,밀크포머
스타벅스 사이렌 <b>밀크포머</b>로 홈카페라떼 만들기,https://blog.naver.com/pandatwo2020/222997975195,사이렌 <b>밀크포머</b>를 포함 시럽과 VIA세트 구성d으로 스타벅스에서 출시가 똬악!! 돌체구스토 지니오 S... panda가 <b>밀크포머</b>에 관심이 있는 이 시기에 제 니즈에 맞는 상품이 출시됐다니 이거슨~~ Destiny:) panda... ,판다의 잡다한 레시피,blog.naver.com/pandatwo2020,20230129,밀크포머
스타벅스 <b>밀크포머</b> 구매후기,https://blog.naver.com/sixgongi/223254270156,오늘은 스타벅스 <b>밀크포머</b> 구매 후기입니다. 얼마 전 스타벅스에 갔는데 이게 딱 보이는거예요 저희... 가격은 착하지 않네요 ㅠㅠ 박스에 <b>밀크포머</b> 사용법이 나와있어요 살짝 미지근하게 데운 우유를 넣어야... ,송쫑's Place,blog.naver.com/sixgongi,20231103,밀크포머
"홈카페, 인절미라떼 집에서도 완벽하게!(스메그 <b>밀크포머</b>)",https://blog.naver.com/baby0817/222134998801,"홈카페, 인절미라떼 집에서도 완벽하게!(스메그 <b>밀크포머</b>) 이제는 따뜻한 라떼가 생각나는 계절이... 요즘 스메그 <b>밀크포머</b> 덕분에 더욱 자주 만들 게 되는 라떼. 정말이지 쫀쫀한 우유 거품 덕분에 기분이 넘나... ",축복받은 유전자 완소남매의 엄마표 먹거리,blog.naver.com/baby0817,20201104,밀크포머
우유거품기 추천 일리 <b>밀크프로더</b> 비싸서 고민하다 구입한 후기,https://blog.naver.com/iwillbes27/224131988237,우유거품기 추천 일리 <b>밀크프로더</b> 비싸서 고민하다 구입한 후기 안녕하세요! 울산아저씨입니다 :) 이번 편에선 일리 커피머신과 함께 구매를 했던 우유거품기 일리 <b>밀크프로더</b>의 후기를 전해드리려고 해요... ,울산아저씨의 취미생활,blog.naver.com/iwillbes27,20260102,밀크프로더
홈카페 커피머신 추천 필립스 바리스티나 + <b>밀크프로더</b>로 라떼... ,https://blog.naver.com/jidmswjd/224218903602,"에스프레소만 마셔도 좋지만, <b>밀크프로더</b>와 함께하면 라떼나 카푸치노처럼 부드러운 메뉴도 간편하게 즐길 수 있어요 <b>밀크프로더</b>에 우유를 넣고 버튼을 누르면 쫀쫀하고 부드러운 밀크폼이 만들어지는데요.... ","아이와 함께, 소중한 추억 남기기",blog.naver.com/jidmswjd,20260316,밀크프로더
우유거품기 일리 <b>밀크프로더</b> 단점 장점,https://blog.naver.com/gowls1128/224136778020,"일리 <b>밀크프로더</b> 장점 단점 살림 아이템 일리 <b>밀크프로더</b> 글, 사진 @리빙포유 추운 겨울이 되니 부드러운 우유 거품 가득 올라간 카푸치노, 라테가 생각이 많이 나요 이전에 네스프레소 라티시마원 이라는... ",리빙포유,blog.naver.com/gowls1128,20260106,밀크프로더
코스트코 일리 우유거품기 <b>밀크프로더</b> 2년 사용 소음 장단점... ,https://blog.naver.com/stingcream/224064234137,"라떼, 밀크티를 집에서 내돈내산 구매 솔직후기 . 2년 사용후기 안녕하세요. 날씨가 쌀쌀해지니까 따뜻한 라떼나 핫초코가 생각나는데요. 집에서도 간편하게 즐길 수 있는 #일리우유거품기 를 #<b>밀크프로더</b>... ",코즈 Coz 리빙 & 리뷰,blog.naver.com/stingcream,20251104,밀크프로더
즐기는 새해 갓생 프로젝트(ft. <b>밀크프로더</b> &amp; 넉박스),https://blog.naver.com/uni_uni84/224171822284,"쫀쫀한 거품의 마법, <b>밀크프로더</b> 활용기 라떼나 아인슈페너를 좋아하신다면 <b>밀크프로더</b>는 필수예요. 버튼 하나로 뜨거운 거품은 물론, 3초간 꾹 누르면 차가운 거품까지 만들 수 있어요. [나만의 홈카페... ",Uni's Daily Note,blog.naver.com/uni_uni84,20260204,밀크프로더
일리 우유거품기 [ 일리 <b>밀크프로더</b> 화이트 ] 후기,https://blog.naver.com/hyerimmi1004/224142091912,"필수템 '일리 <b>밀크프로더</b>' 후기를 기록해 볼게요 일리 <b>밀크프로더</b> 화이트 기다리던 택배가 도착했으니... 엔진베이스 본체 &amp; 케이블선 밀크포트, 설명서 구성으로 들어 있어요 엔진베이스를 뒤집으면 디스크... ",소소한 일상,blog.naver.com/hyerimmi1004,20260111,밀크프로더
무인양품 말차라떼 &amp; 일리 <b>밀크프로더</b>의 만남,https://blog.naver.com/keetomm/224074960394,환상의 짝꿍 무지 말차라떼 &amp; 일리 <b>밀크프로더</b> 글.사진 ⓒ 맹주 얼마 전 무지위크로 사본 인스턴트 말차라떼! 일리 <b>밀크프로더</b>로 따끈하게 마시면 딱일 것 같아 아침에 만들어봤어요  포장도 귀여운 무지... ,느리고 유연한 사물들,blog.naver.com/keetomm,20251113,밀크프로더
[봄블리] zwilling Milk frother 즈윌링 <b>밀크프로더</b>... ,https://blog.naver.com/kbm312/224161619099,그래서 milk frother를 찾게 되었고 원래 첫 목표는 #네스프레소<b>밀크프로더</b> 였습니다 바로 이 제품이었죠... 즈윌링 <b>밀크프로더</b>의 진가를 살펴봤는데요 일리 <b>밀크프로더</b> 네스프레소 <b>밀크프로더</b> 와 비교했을 때... ,Vomlog,blog.naver.com/kbm312,20260127,밀크프로더
일리 <b>밀크프로더</b> 세트 추천 사용기 우유거품기 라떼 만들기 강추,https://blog.naver.com/woandos/224111609932,일리 <b>밀크프로더</b> ♡ 어떤분은 이걸로 블랙글레이즈드 라떼 만들던데 저는 말글라 만들고싶어요 ㅎ 한번 알아봐야겠어요 제 최애 스벅 말글라 ♡ 우리 아이들은 허니밀크=꿀우유 ㅋㅋ 요즘 이걸로 잘 마셔요 꿀... ,쓰리맘마,blog.naver.com/woandos,20251216,밀크프로더
일리 <b>밀크 프로더</b> 부드러운 거품,https://blog.naver.com/dsveveilvrn268/224218742886,<b>밀크 프로더</b>는 제대로 된 우유 거품을 위한 최적의 기술을 바탕으로 딱딱한 거품이 아닌 부드러운 밀크폼을 만들어냅니다. 그래서 한 잔의 음료가 더 깊고 풍부한 맛을 지니게 됩니다. 매일의 음료를 즐겁게 해줄... ,순간의기적,blog.naver.com/dsveveilvrn268,20260316,밀크프로더
가정용 전자동 커피머신 추천 Philips Baristina <b>밀크 프로더</b>,https://blog.naver.com/ddltnfka/223876648627,필립스 <b>밀크프로더</b>와 함께하면 집에서도 완벽한 밀크폼을 손쉽게 만들 수 있는데요 역시나 버튼 한 번만 누르면 쫀쫀하고 부드러운 밀크폼이 금세 올라오니까 카푸치노나 라떼처럼 우유 들어가는 메뉴들도... ,푸드인플루언서 푸디라미,blog.naver.com/ddltnfka,20250524,밀크프로더
라떼러버라면 왓츠인마이홈 일리 <b>밀크프로더</b>(feat.내돈내산),https://blog.naver.com/leezyhome/224017711441,일리 <b>밀크프로더</b> 소개합니다! 이거슨 #내돈내산 산지는 좀 되었는데 이것저것 써보고 영상으로도... 핫밀크용 따로 담아두기보다는 이렇게 본체바닥에 붙어있는 심플함 :-) 맥스선까지 부우면 두잔정도 양이... ,블로거의 블로그,blog.naver.com/leezyhome,20250922,밀크프로더
일리 우유거품기(<b>밀크프로더</b>) 고장 증상 AS 후기,https://blog.naver.com/djagytt/223601046589,"우유를 렌지에 데워 라떼를 만들곤 했는데 일리 <b>밀크프로더</b>를 들이면서 진짜 홈까페가 완성되었죠! 주말마다 나의 아침을 책임지던 일리 <b>밀크프로더</b> 어느날, 버튼을 눌러두고 다른일 하고 돌아오니 버튼... ",엄효티티 world,blog.naver.com/djagytt,20240929,밀크프로더
일리 우유거품기 * <b>밀크프로더</b> 코스트코에서 득템! 홈카페... ,https://blog.naver.com/jamie818/223785619509,일리 우유거품기 <b>밀크프로더</b> 코스트코에서 득템! 홈카페 카푸치노 만들기 신랑이랑 산책 겸 집 앞... 헤헷 에스프레소가 내려지는 동안 일리 우유거품기로 밀크폼을 만들어줄 시간이다 ㅎ 먼저 피처의 덮개를... ,* Happy Jamie *,blog.naver.com/jamie818,20250306,밀크프로더
일리 <b>밀크프로더</b> 우유거품기 화이트 내돈내산 구매 및 사용... ,https://blog.naver.com/dkdudl30/224170485108,그래서 우유거품기를 알아보던 중 #일리<b>밀크프로더</b> 의 집에 두어도 미관을 절대 해치지 않는 감각적인 디자인에 반했다.  요약 구매 추천 꾸욱 (제가 느낀 장단점은 본문 마지막에 적어둘게요!) 제품 개봉기... ,오늘 남아영?,blog.naver.com/dkdudl30,20260203,밀크프로더
우유스팀기 소형 솔직리뷰 홈카페 가정용 올리 <b>밀크프로더</b>,https://blog.naver.com/dkfk0870/224202834858,이런 분들께 추천 ✔ 홈윈 우유거품기 입문용 써봤는데 업그레이드 고민 중인 분 ✔ 카페처럼 풍성한 거품 원하는 분 ✔ 가정용 <b>밀크프로더</b> 제대로 찾는 분  솔직 총평 입문용으로는 홈윈도 충분했어요.... ,강풍만의 타이얼드한 다이어리,blog.naver.com/dkfk0870,20260303,밀크프로더
일리 <b>밀크프로더</b>,https://blog.naver.com/moonylog/224116646851,오늘의 리뷰는 일리 <b>밀크프로더</b>. 주말에 종종 밀크티를 마실 때 밀크팬에 직접 우유를 데워먹었는데 유막 생기는게 싫어서 구입해보았다. 우유를 끓인 후 커피필터에 걸러도 봤는데 거르고 나서 마실 때도... ,먹놀쓰,blog.naver.com/moonylog,20251220,밀크프로더
일리커피 <b>밀크프로더</b> 구입 후기,https://blog.naver.com/qiqikey/223383289147,<b>밀크 프로더</b>.. 진짜 갑자기 뜬금없이 구매하게 된 상품 원래 일리커피머신 y3.2를 사용하는 나는... 매우 커다란 상자에 배송이 온 <b>밀크프로더</b>. 박스 앞에 일리 마크가 찍혀있다. 박스가 커서 그런지 내용물은... ,"핑크폴라로이드, 세상을 찍자",blog.naver.com/qiqikey,20240314,밀크프로더
집에서 카페라떼 완성! 필립스 바리스티나 <b>밀크프로더</b> 사용 후기,https://blog.naver.com/ok-farm/223969380483,완성된 라떼와 <b>밀크프로더</b> 나란히 저는 커피를 하루에 한 잔 이상 마시는 나름 커피 애호가인데요 ㅋㅋㅋㅋㅋㅋ 요즘은 홈카페를 즐기는 시간이 하루의 소소한 행복이 됐어요. 1. 필립스 바리스티나 <b>밀크프로더</b>... ,나른나른 일상 이야기,blog.naver.com/ok-farm,20250813,밀크프로더
포근함을 선물받았다 : 필립스 바리스티나 <b>밀크프로더</b>,https://blog.naver.com/jjoyrin/224068893131,추출한 에스프레소에 뽀이얀 스탠밀크 부어서 마셔보았더니 온도도 맛도 딱 좋았다. 앞으로 필립스 바리스티나 w <b>밀크프로더</b>로 홈카페에서 즐거운 내 이야기 종종 전해야지. 다시 한번 선물해준 우리 오빠에게... ,경이로운 재이 Wonder J,blog.naver.com/jjoyrin,20251108,밀크프로더
완벽한 카페라떼 만들기 일리커피 <b>밀크프로더</b> 후기,https://blog.naver.com/baby0817/223533223367,이번에 일리커피 <b>밀크프로더</b> 사용을 해보니 우유 거품이 정말 쫀쫀하게 잘 올라오는 것도 만족스러운데요. 계절별로 지금처럼 더운 여름에는 시원한 거품으로 즐기고 겨울에는 따뜻한 밀크폼을 즐길 수 있으니... ,축복받은 유전자 완소남매의 엄마표 먹거리,blog.naver.com/baby0817,20240801,밀크프로더
네스프레소 에어로치노4 vs 일리 <b>밀크프로더</b> 라떼 거품기 차이... ,https://blog.naver.com/pgtgonia/224139463159,"우유를 데우고 거품을 만들어 '스팀 밀크'라는 것을 만드는 가정용 기기가 <b>밀크프로더</b>다. 여러 제조사에서 앞다투어 <b>밀크프로더</b> 우유거품기를 만들어 내고 있는데, 그 중 양대산맥인 네스프레소 에어로치노와... ",텐텐빌리언,blog.naver.com/pgtgonia,20260108,밀크프로더
일리 <b>밀크프로더</b> + 생강청 진저라떼 만들기 (feat. 마늘... ,https://blog.naver.com/cobicobin_/223727176463,illy 일리 <b>밀크프로더</b> 생강청 진저라떼 만들기 (feat.마늘 치즈토스트) 쇼핑은 끊임없이 하지만 ️ 오랜만에 남겨보는 내돈내산 리뷰. #일리<b>밀크프로더</b> 일리 커피머신은 활용도를 자꾸 따지면서 안 사게 되는데... ,구슬일기,blog.naver.com/cobicobin_,20250115,밀크프로더
우유 데우는 기계 일리 우유거품기 <b>밀크 프로더</b>로 바뀐 집 커피... ,https://blog.naver.com/mmmj_y/224105310258,"우유거품기 <b>밀크 프로더</b>가 집에 들어오게 됐어 일부러 시간을 내서 커피를 만들기보다는, 평소 하던... 우유거품기 <b>밀크 프로더</b>는 디스크를 세척해가며 쓰는 구조라 상황에 따라 세척하면 돼 흔히 말하는... ",문댕구,blog.naver.com/mmmj_y,20251210,밀크프로더
일리 <b>밀크프로더</b> 2년 사용 후기 | 전기 우유 거품기 실사용 기록,https://blog.naver.com/rachel_2901/224206048010,기능과 디자인을 함께 비교해 보다가 눈에 들어온 제품이 일리 <b>밀크프로더</b>였습니다. 지금은 어느덧 2년째 사용 중입니다. 오늘은 일리 <b>밀크프로더</b> 2년 사용 후기를 정리해보려고 합니다. 전자레인지 대신... ,윤슬의 공간,blog.naver.com/rachel_2901,20260306,밀크프로더
홈카페 레시피 일리커피 <b>밀크프로더</b> 팬케이크 만들기,https://blog.naver.com/theboni/223533175602,요즘 아침저녁으로 열일중인 <b>밀크프로더</b>! 날이 더운데도 랑이가 밀크폼을 찾다 보니 아이스 포밍 기능이 있는 제품 둘러보다가 일리커피 <b>밀크프로더</b>가 눈에 들어와 픽~! 홈카페 레시피 만들 때 딱이라... ,보니의 참쉬운 레시피,blog.naver.com/theboni,20240801,밀크프로더
일리 <b>밀크프로더</b> 우유거품기 내돈내산 리뷰,https://blog.naver.com/sallysattic/223730922614,지난주 구입한 일리 <b>밀크프로더</b>! 너무 잘 사용하고 있어서 후기 남기려고요. 요즘 아침마다 라떼를... 그래서 주문한 가루가 버터밀크인데요. 이거 섞으면 완전 찐한 우유맛이 나서 좋음. ㅎㅎㅎㅎㅎ 하트... ,"사랑하라, 한번도 상처받지 않은 것처럼",blog.naver.com/sallysattic,20250119,밀크프로더
일리 <b>밀크프로더</b> 전자동 우유거품기 감성 홈카페 용품,https://blog.naver.com/dh_9012/224144780193,"커피 본연의 맛도 좋아하지만 부드러운 밀크폼을 올린 커피를 선호하는 주부로서, 일리 <b>밀크프로더</b>는 빼놓을 수 없는 감성 홈카페 용품이에요. 우유 거품부터 라떼 그리고 핫초코까지! 일리 전자동 우유거품기... ",오늘의 감성하우스⋆,blog.naver.com/dh_9012,20260113,밀크프로더
"가득한 가정용 커피머신 추천, 필립스 바리스티나 <b>밀크프로더</b>까지!",https://blog.naver.com/sxzziny/224064646189,"<b>밀크프로더</b>에는 생크림과 메이플시럽을 넣고, 버튼을 3초 정도 눌러 차가운 밀크폼을 만들어줘요. 4. 완성된 밀크폼을 커피 위에 살짝 얹고, 마지막으로 코코아파우더를 뿌리면 끝! 달달하고 부드러운 메이플... ",오늘도 suueet home,blog.naver.com/sxzziny,20251104,밀크프로더
"일리 우유거품기 <b>밀크프로더</b> 홈카페 용품 따뜻한 라떼, 카푸치노",https://blog.naver.com/kittyhwang/223684351673,"음 뭐 명확히 따지면 남편돈내산^^ 우유거품기 일리 <b>밀크프로더</b> 우유 스팀, 찬 우유 거품도 가능해서 더... 그냥 일단 일리 커피머신 옆에 둠 ㅇㅇ 반박 안받음!!!!ㅋㅋㅋㅋㅋㅋㅋ 일리 <b>밀크프로더</b>는 구성품도... ",❤️뭐든지 즐거운 검소한여인,blog.naver.com/kittyhwang,20241206,밀크프로더
부드럽고 풍성한 우유거품 - 일리우유거품기(<b>밀크프로더</b>),https://blog.naver.com/blueseahee/223424518495,엄마도 아빠도 아이도 잘 이용할 조그마한 <b>밀크프로더</b> 자리 차지도 크지 않아서 부담없이 들일 수 있었어요 일리옆에 일리는 진리! #일리 #일리커피머신 #일리<b>밀크프로더</b> #일리우유거품기 #우유거품기 #<b>밀크프로더</b>,물꼬기의 육아사묘,blog.naver.com/blueseahee,20240425,밀크프로더
일리 <b>밀크프로더</b> vs 네스프레소 우유 거품기 두 개 다... ,https://blog.naver.com/zziba/224016614287,"일리 <b>밀크프로더</b> 우유거품기, 화이트 원래는 네스프레소의 우유거품기 에어로치로를 사용... 일리의 <b>밀크프로더</b>는 제일 자주 쓰는 메뉴만 엄선해서 넣어놓은 느낌입니다. 어찌보면 이게 더 좋은 거 같아요.... ",불량 직장인 핌포나,blog.naver.com/zziba,20250921,밀크프로더
일리 <b>밀크프로더</b> 우유거품기로 홈카페를 즐기세요!,https://blog.naver.com/honey9290/224144703514,기능으로 밀크폼을 만들어서 또 다른 라떼를 만들어 먹어보려고 해요ㅎㅎ 최근에 강주은의 코스트코 홈카페 추천템으로도 유명해져서 많이들 아실텐데 저도 일리 <b>밀크프로더</b>로 집에서 간편하게 커피와... ,김자몽 뷰티&패션 블로그,blog.naver.com/honey9290,20260113,밀크프로더
"가정용 우유 거품기, 올리 <b>밀크 프로더</b> 써볼까?",https://blog.naver.com/vernacf/224191208037,"가정용 우유 거품기, 올리 <b>밀크 프로더</b> 써볼까? 카페 퀄리티, 집에서 즐기는 올리 전동 거품기 집에서도... <b>밀크 프로더</b> 하나로 홈카페 분위기 내기 딱 좋죠. 이런 종류의 가전제품을 살 때 용량도 중요하잖아요?... ",vernacf님의 블로그,blog.naver.com/vernacf,20260222,밀크프로더
일리 머신 <b>밀크프로더</b> 내돈내산 솔직후기,https://blog.naver.com/cubic09/224112923677,일리 <b>밀크프로더</b> 내돈내산 솔직후기 작년부터 고민 고민하다가 질러버린 일리 <b>밀크프로더</b> 우유 거품... 게다가 일리 밀크프로머 + 카푸치노컵 2개까지 함께 증정되어 구성이 매우 합리적인 듯  일리 우유 거품기... ,율로그,blog.naver.com/cubic09,20251217,밀크프로더
"[구매 리뷰] 일리 <b>밀크프로더</b>(우유거품기) 언박싱, 사용 후기",https://blog.naver.com/zlzlkmk/224186172466,그래서 이번 기회에 일리 <b>밀크프로더</b>(우유거품기)를 장만했습니다. 집에 있는 일리 머신이랑 세트로 맞추고 싶어서 깔끔한 화이트 컬러로 주문했습니다. 주문하고 나서 배송은 정말 빨리 도착했어요. 박스를... ,밤길의 취미생활 블로그,blog.naver.com/zlzlkmk,20260217,밀크프로더
올리 전동거품기 우유거품기 가정용 우유스팀기 <b>밀크프로더</b>,https://blog.naver.com/oosetting/224196630782,저는 실제로올리 전동거품기 우유거품기 가정용 우유스팀기 <b>밀크프로더</b>를 며칠 동안 아침/저녁으로... 우유스팀기·<b>밀크프로더</b>를 찾는 분들이 무엇을 기대해야 하는지도 함께 적어둘게요. 2026년 기준으로... ,oosetting님의 블로그,blog.naver.com/oosetting,20260226,밀크프로더
일리 <b>밀크프로더</b> 세트 ┃우유거품기 우유가열기 후기,https://blog.naver.com/gieadc04/224055364238,"일리 <b>밀크프로더</b> 세트 [세계 커피의날] 97,000원 쿠폰가 화이트 1대 + 카푸치노컵 200cc 2개(소서포함)... 조금이라도 아껴볼까 해서 구입한 일리 <b>밀크프로더</b>~ 일리 우유거품기/우유가열기 첫번째버튼 : 뜨거운... ",으니 일상블로그,blog.naver.com/gieadc04,20251028,밀크프로더
"세상에, 이런 우유 거품기! 올리 <b>밀크 프로더</b>",https://blog.naver.com/deacoje/224201142504,"올리 <b>밀크 프로더</b> 아이고~ 세상에, 여러분! 혹시 집에서 카페 부럽지 않은 부드러운 우유 거품을... 스팀 밀크를 만들 수 있대요. 차가운 우유만 나오는 게 아니라, 취향에 따라 따뜻하게 즐길 수 있다는 점이 정말... ",deacoje님의 블로그,blog.naver.com/deacoje,20260302,밀크프로더
자동 우유 거품기 추천 리큅 분리형 세척 간편한 <b>밀크프로더</b>,https://blog.naver.com/cc1125cc/224207949668,"우리 집 주방을 감성 카페로 만드는 마법, 리큅 <b>밀크프로더</b> 커피를 사랑하는 사람이라면 누구나 한... 손끝 하나로 완성되는 4가지 스마트 밀크폼 레시피 이 제품의 가장 큰 장점은 복잡한 조절 없이 버튼 하나로... ",케어포유 라이프로그,blog.naver.com/cc1125cc,20260307,밀크프로더
"홈카페의 완성, 일리 <b>밀크프로더</b> 우유거품기 내돈내산 후기",https://blog.naver.com/joyo_da/224187050630,안녕하세요 설 연휴가 오면서 그동안 바빠서 쓰지 못했던 후기들을 하나씩 써나가고있어요 오늘은 저의 홈카페를 책임져주고있는 ' 일리 <b>밀크프로더</b> ' 소개해드릴게요 일리 <b>밀크프로더</b> 일리 <b>밀크프로더</b> 가격... ,"취미 부자 요다의 블로그,",blog.naver.com/joyo_da,20260218,밀크프로더
일리 우유거품기 일리거품기 <b>밀크프로더</b> 내돈내산,https://blog.naver.com/jy_sonic/223533378817,홈카페 쫀쫀한 우유거품 일리 우유거품기 일리 <b>밀크프로더</b> - 화이트 illy Milk Frothre 안녕하세요... 주방세제로 다시 깨끗히 세척해서 사용합니다 일리 밀크포토 안쪽에 MAX / MIN 용량 최대 최소로 표기되어... ,슈슈레몬,blog.naver.com/jy_sonic,20240801,밀크프로더
일리<b>밀크프로더</b>와 함께 우유거품기로 즐거운 홈카페 가능!,https://blog.naver.com/amchilog/224145208045,"거품 ➡️ 밀크폼 이탈리아 건축가이자 가구 디자이너인 '피에로 리소니'가 디자인한 미니멀하고 우아한 디자인으로 일리<b>밀크프로더</b>는 미니멀한 <b>밀크프로더</b> 자체로 공간 차지도 덜 하고, 너무 예쁜 감성... ",오늘의 기록,blog.naver.com/amchilog,20260113,밀크프로더
올리 전동거품기 가정용 <b>밀크프로더</b>의 부드러운 매력,https://blog.naver.com/popcleyi667/224212106114,올리 전동거품기 우유거품기 가정용 우유스팀기 <b>밀크프로더</b>은 집안에서 편안하게 카페 스타일의... <b>밀크프로더</b>의 진가는 우유 스팀을 이용한 다양한 음료 제조에서도 볼 수 있습니다. 단순한 우유거품을 넘어서... ,떠나는 길의 수다,blog.naver.com/popcleyi667,20260311,밀크프로더
우유 거품을 간편하게 : 비알레티 전동 우유 거품기(<b>밀크 프로더</b>),https://blog.naver.com/yuidaddy/224177592014,비알레티 전동 우유 거품기 (<b>밀크 프로더</b>) 내가 처음 유럽 여행을 떠났던 2007년만 해도 비알레띠는 우리... 거품기(<b>밀크 프로더</b>)를 구입해왔었다. 바로 마시기에 딱 적당한 65도의 온도로 우유를 데우면서 카페... ,샛별이네 집,blog.naver.com/yuidaddy,20260209,밀크프로더
올리 <b>밀크프로더</b> 사양부터 성능까지 제대로 알아본,https://blog.naver.com/lwufppo/224190254639,올리 <b>밀크프로더</b> 사양부터 성능까지 제대로 알아본 집에서 즐기는 커피 한 잔의 여유는 일상의 큰... <b>밀크프로더</b> 본연의 기능 외에도 코코아 가루를 섞어 핫초코를 만들거나 말차 라떼를 준비할 때도 가루 뭉침... ,달빛침대,blog.naver.com/lwufppo,20260221,밀크프로더
일리거품기 <b>밀크프로더</b> 세트 블프특가구입 역대최저가,https://blog.naver.com/zoonam2/224085664520,지인이 사용하던 거품기 고장나서 일리거품기 <b>밀크프로더</b> 세트를 블프특가로 구입했다며 자랑하길래 나도 바로 구입했다^^♡이 지인이 자랑하는 건 찐 가성비 좋을때 자랑하는 성향을 알기에^^~~~ 난 평소 일리... ,엄마가 너희에게 준 최고의 선물~바로 형제이길....,blog.naver.com/zoonam2,20251123,밀크프로더
올리 전동거품기 우유거품기 가정용 우유스팀기 <b>밀크프로더</b>... ,https://blog.naver.com/kky357boy/224195298134,올리 전동거품기 우유거품기 가정용 우유스팀기 <b>밀크프로더</b> 내돈내산 후기들 공통점 정리 요즘 카페... 그러다가 우연히 '올리 전동거품기 우유거품기 가정용 우유스팀기 <b>밀크프로더</b>' 이걸 보게 됐어요. 숏클립... ,맛집김선생,blog.naver.com/kky357boy,20260225,밀크프로더
"일리 <b>밀크 프로더</b>, 드롱기 구름치노",https://blog.naver.com/4generations/223629183044,"제품명 : 일리 <b>밀크 프로더</b> 특징 ㅡ컵 분리 ㅡ스텐 머그처럼 가벼움 ㅡ본체 하단에 거품용 부속품 한개... 거품기 <b>밀크 프로더</b> 롯데백화점 부산본점 130,000 제품명 : 드롱기 구름치노 특징 ㅡ거품부속품이 하나... ",네가 태어나서 날아갈 듯이 기뻐,blog.naver.com/4generations,20241022,밀크프로더
"가정용 우유 거품기, 올리 <b>밀크 프로더</b>가 궁금한 이유",https://blog.naver.com/2cjxgx/224194114783,"가정용 우유 거품기, 올리 <b>밀크 프로더</b>가 궁금한 이유 카페 퀄리티 홈카페, 어렵지 않아요! 집에서도... 다양한 음료를 위한 활용 팁 카푸치노, 라떼 아트를 위한 기본 거품은 물론이고, 따뜻한 코코아나 밀크티에... ",새벽 위로,blog.naver.com/2cjxgx,20260224,밀크프로더
신혼집살림-네스프레소 시티즈D113 <b>에어로치노</b>4 내돈내산,https://blog.naver.com/veni_vidivixi/223404447520,신혼집 살림 첫번째 리뷰는 #네스프레소오리지널 그리고 #<b>에어로치노</b>4 바로 무엇보다 급했던 커피머신... 없었어요 <b>에어로치노</b>4 같은 경우 처음엔 저 스프링 같은걸 안끼워가지고 자꾸 터치를 해도 불만... ,직장인 김오복,blog.naver.com/veni_vidivixi,20240406,에어로치노
네스프레소 나노포머 상세 리뷰 (<b>에어로치노</b> 비교 + 버츄오... ,https://blog.naver.com/autumn0704/224180547183,카푸치노 완성 (총 1분). <b>에어로치노</b> 대비 2분 단축. <b>에어로치노</b>가 ‘충실한 조력자’였다면 나노포머는 ‘창의적 파트너’. 4년 버츄오 라이프가 이렇게 레벨업 됐습니다. #네스프레소 #버츄오 #나노포머... ,사랑하며 살아가며,blog.naver.com/autumn0704,20260211,에어로치노
네스프레소 버츄오 팝 플러스 개봉기!!! + <b>에어로치노</b>,https://blog.naver.com/freckle28/224163903394,구매함 <b>에어로치노</b>를 함께 구매해서 그런가 꽤나 큰 박스로 도착 사실 요새 라떼를 먹고싶어서 버츄오 머신 안쓰고 계속 스타벅스 배달을 시켰던 터라.... <b>에어로치노</b>만 살까 하다가 단품 가격이 10만원 넘길래... ,better than the best.,blog.naver.com/freckle28,20260129,에어로치노
네스프레소 버츄오 팝 플러스 &amp; <b>에어로치노</b>4 내돈내산,https://blog.naver.com/leigha516/224162398395,특히 <b>에어로치노</b>로 만든 우유랑 우유거품이 너무 맛있어서 우리집은 완전 라떼파라 진짜 탐났음... 플러스 &amp; <b>에어로치노</b> 4 세트는 공홈에서 (네이버 스마트스토어)에서 구매하시면 부티크에서 구매하시는... ,오늘 또 하루,blog.naver.com/leigha516,20260128,에어로치노
네스프레소 <b>에어로치노</b>4 사용방법 생일선물 내돈내산 홈카페... ,https://blog.naver.com/sanethemoney/224114470929,집에서 넉넉하게 담아 먹을 수 있을 정도의 깊은 양을 담아낼 수 있고 풍성한거품을 카푸치노 느낌으로 먹을 수 있는 사이즈라 맘에듭니다! <b>에어로치노</b>4 언박싱 가장 먼저 보이는 건 단단하게 고정된 본체와... ,프로N잡러 보아뱀 월드,blog.naver.com/sanethemoney,20251218,에어로치노
네스프레소 버츄오 팝플러스 + <b>에어로치노</b>4 라방 혜자구성... ,https://blog.naver.com/jinhwahong/224206801583,<b>에어로치노</b>4의 3가지 매직 저희는 멸균우유를 베란다에 보관해두고 먹고있어요. 그래서 요걸 쓰면 온도 조절이 가능합니다! 우유 데우기: 따뜻한 라떼용 차갑게: 아이스 라떼용 거품 내기: 카푸치노 스타일... ,진화홍 가족일상,blog.naver.com/jinhwahong,20260308,에어로치노
꿀졤 독립 일기 - (5) 네스프레소 <b>에어로치노</b>4로 버츄오... ,https://blog.naver.com/honey_jyem/223430641758,"동생이 설명해 줄 때 한 귀로 듣고 한 귀로 흘림) 요즘 <b>에어로치노</b>로 라떼를 주로 만들어 마시기... 여기서부턴 네스프레소 <b>에어로치노</b>4 사용기. 공홈에서 149,000원에 팔고 있는데 (지금 검색해 보니 3만원... ",꿀졤허니졤,blog.naver.com/honey_jyem,20240429,에어로치노
네스프레소 <b>에어로치노</b>4 사용법 세척 방법 정리 6개월 사용... ,https://blog.naver.com/cherry_20/224167973758,"네스프레소 <b>에어로치노</b>4 세척 사용법 후기 지난 우유거품기 비교글에 이어 후기까지 이어서 써봅니다... 일리 밀크프로더, 드롱기 구름치노 등 다른 우유거품기 비교 궁금한 분은 지난 포스팅도 참고해보세요!",김토실 블로그,blog.naver.com/cherry_20,20260201,에어로치노
네스프레소 블루보틀 블랜드 NO.2 <b>에어로치노</b>4 사용법,https://blog.naver.com/happykh0516/224017438252,카푸치노로 즐기고 싶어서 3단계버튼을 눌렀는데요 <b>에어로치노</b>4 동작시간은 1분 30초로 우유거품을 먼저 만들고 커피를 추출(30초-1분) 하면 딱 맞더라구요 우유스팀기 사용해본 분들은 아실텐데 이렇게... ,알공이는 스몰,blog.naver.com/happykh0516,20250922,에어로치노
"[NESPRESSO] 네스프레소 우유 거품기, <b>에어로치노</b>4 후기",https://blog.naver.com/slowly_she/224205990816,NESPRESSO 네스프레소 <b>에어로치노</b>4 한 달 써봤어요 캡슐 머신 쓰기 시작하면서 욕심이 점점 생기더라고요... 카푸치노를 자주 만들어 마신다면 만족도가 높아요 반대로 아메리카노만 마신다면 굳이 필요하진 않을... ,"나나, 로그인",blog.naver.com/slowly_she,20260305,에어로치노
네스프레소 우유 스팀기 추천 <b>에어로치노</b> 4단계 거품 조절형,https://blog.naver.com/cc1125cc/224207951114,"<b>에어로치노</b> 4의 가장 큰 매력은 베이스 하나로 무려 네 가지의 우유 레시피를 완벽하게 구현한다는 점입니다. 차가운 우유 거품부터 따뜻한 우유, 그리고 질감이 다른 두 종류의 따뜻한 우유 거품(카푸치노용... ",케어포유 라이프로그,blog.naver.com/cc1125cc,20260307,에어로치노
"해운대 스타벅스 그랜드조선호텔 모닝메뉴, <b>에어로치노</b>",https://blog.naver.com/hello_namimi/224213711072,"모닝메뉴 먹어봤는데 너무 괜찮아서 소개드려봐요 새로 나온 메뉴 <b>에어로치노</b> 주문해 봤어요 그리고 한컵과일, 반숙계란, 샌드위치도 함께 주문했어요 한상 가득이네요 <b>에어로치노</b> ₩4,900 더블 치킨브레스트... ",적당한 하루,blog.naver.com/hello_namimi,20260312,에어로치노
[완전 핫딜] 네스프레소 버츄오 머신 + <b>에어로치노</b>,https://blog.naver.com/itomboy78/224101758496,네스프레소 버추오 머신에 <b>에어로치노</b>까지 108.99불 !!! 이 정도면 정말 핫핫딜입니다. https://amzn.to/4pYOQv0 지금까지 본 중 정말 제일 저렴한 것 같아요. 최근에는 코스트코에 갔더니 드디어 버추오캡슐도... ,두근두근해나씨,blog.naver.com/itomboy78,20251208,에어로치노
"네스프레소 <b>에어로치노</b> 4 세척, 사용방법 라떼 레시피 후기",https://blog.naver.com/bbb_daily/224200600313,"&lt;<b>에어로치노</b> 4 사용방법, 밀크 레시피&gt; <b>에어로치노</b>는 총 4가지 우유 레시피를 만들 수 있다. 차가운 폼(아이스 카푸치노, 라떼) 따뜻하고 부드러운 밀크폼(카푸치노) 따뜻하고 쫀쫀한 밀크폼(라떼, 마키아토)... ",리뷰모음zip,blog.naver.com/bbb_daily,20260301,에어로치노
네스프레소 <b>에어로치노</b>4 vs 일리 밀크프로더 라떼 거품기 차이... ,https://blog.naver.com/pgtgonia/224139463159,네스프레소 <b>에어로치노</b>4 vs 일리 밀크프로더 라떼 거품기 차이 고장 무상교환 1년 재구매 밀크프로더... 네스프레소 <b>에어로치노</b>와 일리 밀크프로더 중 무엇을 살 지 많은 고민을 하게 되었다. 결론부터 말하자면... ,텐텐빌리언,blog.naver.com/pgtgonia,20260108,에어로치노
네스프레소 <b>에어로치노</b>4 사용기 - 우유거품기로 부드러운... ,https://blog.naver.com/naksreview/223764035315,네스프레소 <b>에어로치노</b>4는 라떼나 카푸치노를 자주 즐기는 사람들에게 강력 추천할 만한 제품이다. 간편한 조작 방식과 우수한 거품 퀄리티 덕분에 카페에서 마시는 것과 같은 고급스러운 라떼를 손쉽게 만들... ,NAK'S REVIEW,blog.naver.com/naksreview,20250217,에어로치노
네스프레소 버츄오 팝 플러스 <b>에어로치노</b> 세트 솔직후기... ,https://blog.naver.com/jhdw77/224200663243,"화이트 + <b>에어로치노</b> 세트  구매 사이트 및 가격 네스프레소 공식 홈페이지, 네이버 스토어, 쿠팡 등 구매 가능 버츄오 팝 플러스 단품 기준 약 10만 원대 <b>에어로치노</b> 세트 구성 가격은 구매처마다 상이... ",DUI의 순간,blog.naver.com/jhdw77,20260302,에어로치노
스타벅스 <b>에어로치노</b> 리뷰,https://blog.naver.com/flowerhyun-/224215638969,"스타벅스 <b>에어로치노</b> 스타벅스 에어로카노는 최근 한국에서 선출시된 신메뉴로, 에스프레소+얼음+물을... 상단에 올라온 두터운 크레마층이 카푸치노처럼 크리미하고 가벼워 목넘김이 편안해요. 다만 제조... ",In the mood - for love,blog.naver.com/flowerhyun-,20260313,에어로치노
"네스프레소 <b>에어로치노</b>4, 라떼러버가 대만족한 이유(식세기... ",https://blog.naver.com/joayeah/224203240748,"버튼 한 번으로 라떼, 카푸치노, 라떼 마키아토가 완성! 이 차이가 생각보다 크다. 우리집 아침 루틴이 바뀌었어 한 명이 에스프레소를 내리면 한 명은 네스프레소 <b>에어로치노</b>4에 우유를 붓고 버튼을 누른다. 약... ",조아예뿌ꨁ,blog.naver.com/joayeah,20260303,에어로치노
네스프레소 버츄오 플러스+<b>에어로치노</b>4 구매 완료 및 사용후기,https://blog.naver.com/ah_chu20/223445097220,"버츄오팝을 버리고 새로운 마음가짐으로 기분좋게 버츄오플러스와 그동안 눈여겨봤던 <b>에어로치노</b>4까... 총 4가지의 모드로 차가운 거품, 우유 따뜻하게 하기, 따뜻한 거품, 카푸치노 거품이다. 그냥 우유... ","소소한 일상, 별이 되다",blog.naver.com/ah_chu20,20240530,에어로치노
전동 우유거품기 올리 <b>에어로치노</b> 홈카페 필수템,https://blog.naver.com/yangllll/223852901160,"✅ 제품명 : 올리 전동 우유거품기 <b>에어로치노</b> ✅ 구성품 : 본품, 스파츌러, 받침대, 전용 솔기, 설명서 ✅ 무게 : 약 0.91kg ✅ 사이즈 : 180 X 122 X 215mm ✅ 소비 전력 : 400W ✅ 제조사 : ㈜에어로코리아 ✅ 제조국... ",하이킹디어 페이지,blog.naver.com/yangllll,20250502,에어로치노
네스프레소 <b>에어로치노</b>4 선물 후기,https://blog.naver.com/sol2_1116/224162872559,"영롱한 <b>에어로치노</b>4입니다 심플해요 뚜껑과 본체, 터치가능한 4개의 버튼 위에 적은 순서대로 아이스용, 데우기, 핫카푸치노, 핫라떼 버튼입니다 가장 중요한 부품인 휘스크와 스프링입니다 가운데 볼록한... ",솔이의 기록장,blog.naver.com/sol2_1116,20260130,에어로치노
스타벅스 에어리카노 후기 가격 칼로리 <b>에어로치노</b> 비교,https://blog.naver.com/love-cafe/224202849198,"에어로카노 영상으로도 한번 보세요~ <b>에어로치노</b> 할인정보는 스타벅스 앱 쿠폰함에 에어로카노 30% 할인 쿠폰이 랜덤이래요. (사용기간 한정, 3월 초) 원모어 커피 대상 60% 할인. 두 번째 오더시 60% 할인되는... ",스윗럽레시피,blog.naver.com/love-cafe,20260303,에어로치노
팝 솔직후기 단점까지! ☕️ (+<b>에어로치노</b> 우유거품기 홈카페),https://blog.naver.com/smb0005/224208560754,"<b>에어로치노</b> 우유거품기까지 선물받아서 홈카페 완성!!  이번 집들이 선물에서 또 하나 너무 만족했던 게 바로~ 네스프레소 <b>에어로치노</b> 우유거품기였어용 이게 진짜 신세계,,, 버튼 하나로 총 4가지 모드가... ","숄슈가족 일기장 ,",blog.naver.com/smb0005,20260308,에어로치노
홈카페 선물 추천 네스프레소 버추오플러스 &amp; <b>에어로치노</b>4,https://blog.naver.com/lzzzggg/224133531574,머신에 <b>에어로치노</b>4까지 선물로 보내주셨네요 2중 3중으로 박스 포장이 되어 있어서 언박싱 하는 재미가... 캡슐 넣고 위에 버튼만 누르면 크레마 가득한 커피를 바로 마실 수 있어요 ☕️ <b>에어로치노</b>4도 사용이... ,리플루언서,blog.naver.com/lzzzggg,20260104,에어로치노
"<b>에어로치노</b>4, 우유거품기로 풍성한 커피맛을★",https://blog.naver.com/kaya_23/223745255619,안녕하세요:) 오랜만인가 처음인가 들고오는 제품후기입니닷 헤헿 지인댁에서 먹어보고 반했던 우유거품기 <b>에어로치노</b>에요 짝꿍이 사주어 이렇게 후기를 남겨봅니다요...★ #내돈내산 #<b>에어로치노</b> 사실..... ,가야의 하루 :),blog.naver.com/kaya_23,20250202,에어로치노
네스프레소 버츄오 <b>에어로치노</b> 구매 후기,https://blog.naver.com/rhswl8/224069730415,"<b>에어로치노</b>를 살까? 말까? 한참 고민이 많을 시기에.. 하필 ㅋ 사은품 증정에 세일한다는 소리에 덜컥 사버렸다 사는김에 스타벅스 원두 캡슐도 버츄오로 나와서 추가 구매를 했다 <b>에어로치노</b>, 노마드텀블러... ",라누기네♡Happy days :),blog.naver.com/rhswl8,20251109,에어로치노
네스프레소 <b>에어로치노</b>4 우유거품기 우유스팀기 후기,https://blog.naver.com/noworo9999/223718574305,폼_카푸치노 ●따뜻하고 쫀쫀한 밀크 폼_라떼 마키아토 <b>에어로치노</b>4 머신에 우유를 넣어주세요 (레시피에따른 적정성에 맞춰주세요) 뚜껑을 덮고 버튼을 눌러 모드선택을 해줍니다 약 1분정도의 시간만... ,살림하는 유노맘 이야기,blog.naver.com/noworo9999,20250108,에어로치노
네스프레소 <b>에어로치노</b>4 후기☕️,https://blog.naver.com/jjj15_12/224176845662,"네스프레소 <b>에어로치노</b>4 후기 날씨도 추워지고, 라떼나 따뜻한 우유를 먹는걸 좋아해서 고민하고... 식기세척기 사용가능 - 전원베이스를 제외한 모든 <b>에어로치노</b> - 최대온도 70도 2. 물로 세척 - 세제로 닦은... ","Normal Life and,,,,",blog.naver.com/jjj15_12,20260209,에어로치노
네스프레소 <b>에어로치노</b>4 핫초코만들기 미떼잔망루피에디션,https://blog.naver.com/aremmin/223718873874,"네스프레소 <b>에어로치노</b>4 핫초코만들기 미떼잔망루피에디션 글, 사진 @도미 안녕하세요 푸드인플루언서... 네스프레소 <b>에어로치노</b>4 이용해 만들어봤어요 그랬더니 몽글-하고 폭신한 구름같은 거품이 가득해서... ",도미도마,blog.naver.com/aremmin,20250108,에어로치노
"델리카토, 코스트코 피스티 피스타치오 스프레드, <b>에어로치노</b>",https://blog.naver.com/blair_jeong/224189801014,네스프레소 <b>에어로치노</b> 예쁜 컵 (중요합니다 ☕✨) 정말 간단하죠? 리나의 피스타치오 라떼 준비물... 3️⃣ <b>에어로치노</b>에 우유를 붓고 ‘콜드’ 버튼을 눌러 콜드 폼을 만든다. 제일 왼쪽에 있는 파란색 버튼을... ,내가 좋아하는 것들,blog.naver.com/blair_jeong,20260220,에어로치노
하나로 홈카페 완성 - 네스프레소 버츄오 팝&amp;<b>에어로치노</b>4,https://blog.naver.com/oul_94/223680521193,저는 따뜻한 커피를 마실 때 우유거품이 잔뜩 올라간 라떼나 카푸치노를 좋아해서 우유거품 양을 조절하는 <b>에어로치노</b>가 너무 마음에 들었어요. + 날이 추워지니 깊숙히 보관해놨던 <b>에어로치노</b> 꺼내서 우유거품... ,집사와 세 냥이의 느긋한 일상,blog.naver.com/oul_94,20241203,에어로치노
"네스프레소 버츄오 플러스 크롬, <b>에어로치노</b>4",https://blog.naver.com/yeajinlover/224001821035,#네스프레소커피머신 #버츄오머신 #버츄오플러스 크롬 #<b>에어로치노</b>4 https://m.blog.naver.com/yeajinlover... 크롬 <b>에어로치노</b>를 샀다. 캡슐도 원래 취향 알아보고 사야 하는데 얼른 계산하고 나가야 하니 대략 내가... ,소소한 하루의 기억,blog.naver.com/yeajinlover,20250909,에어로치노
"[스페셜패키지] 네스프레소 <b>에어로치노</b>4 카푸치노 컵 팩, 단품... ",https://blog.naver.com/office22894/224210779287,"오늘은 [스페셜패키지] 네스프레소 <b>에어로치노</b>4 카푸치노 컵 팩, 단품, 단품에 대해 소개해드릴게요. 이 제품은 네스프레소 머신과 함께 사용하여 부드러운 카푸치노를 즐길 수 있도록 설계되었습니다. 자세한... ",office22894님의 블로그,blog.naver.com/office22894,20260310,에어로치노
용산아이파크몰 6층 스타벅스 <b>에어로치노</b> 후기,https://blog.naver.com/le_soleil__/224218579853,용산아이파크몰 6층 스타벅스 <b>에어로치노</b> 후기 #용산아이파크몰 6층에 있던 #스타벅스 리뉴얼 후에... 가는길에 <b>에어로치노</b>도 먹어보려고 들려봤어요 ㅎㅎ 5. 용산 아이파크몰 스타벅스 <b>에어로치노</b> 후기... ,"여행, 일상 기록",blog.naver.com/le_soleil__,20260316,에어로치노
우리집 /구순포진낫기/스벅신상<b>에어로치노</b>/여권갱신... ,https://blog.naver.com/srain515/224208151068,"되었어용 #스타벅스신메뉴 #<b>에어로치노</b> 한잔 사서 오후출근하기 이거 진쨔 제 취향ㅠ 퐁신한 크레마 거품너모죠아아아앙 부드러운 목넘김 너무 좋져 다음은 2024 2025 사진 다 정리해서 앨범만들고 목욜은,, 진짜... ",Cool Head Warm Heart,blog.naver.com/srain515,20260307,에어로치노
"스타벅스 신상 <b>에어로치노</b> 마셔본 후기, 솔직히 말하면... ",https://blog.naver.com/usleung/224206527976,드디어 <b>에어로치노</b>가 나왔는데 먼저 나와서 그런지 거품이 살짝 요상하게 변해 있더라고요. 맛은… 솔직히 말하면 예전에 엔젤리너스에서 마셨던 아메리치노 느낌과 크게 다르지 않았습니다. 거품이 크리미... ,어슬렁 여행 & 맛집,blog.naver.com/usleung,20260306,에어로치노
네스프레소 <b>에어로치노</b> (우유스팀기),https://blog.naver.com/cielan/223683629223,라떼를 주로 마시는 나지만 굳이 <b>에어로치노</b>까지 필요할까? 그냥 전자렌지에 데워서 부으면 되는거 아닌가 했는데 <b>에어로치노</b> 쓸 일이 생겨서 써보니 확실히 우유가 달랐다 <b>에어로치노</b>로 스팀친 우유로 해 먹는... ,妄想狂奏曲,blog.naver.com/cielan,20241205,에어로치노
☕ 스타벅스 <b>에어로치노</b> 후기 (30% 할인으로 주문),https://blog.naver.com/zzinida01/224199142911,30% 할인 쿠폰이 있어서 궁금했던 스타벅스 <b>에어로치노</b>를 드디어 시켜봤다. 평소 카페라떼의 부드러운 우유 거품을 좋아하는 편이라 기대를 많이 하고 주문한 메뉴다. 처음 받아본 첫인상은 일단 비주얼이 너무... ,Let's be happy.,blog.naver.com/zzinida01,20260228,에어로치노
네스프레소 <b>에어로치노</b>4,https://blog.naver.com/darkstar0s/224082076516,ㅋㅋㅋㅋ 멸균우유 써서 그런줄 ㅋㅋㅋㅋ 그리고 며칠뒤 쫀쫀한 거품버튼으로 다시 도전 거품입자가 완전 곱고 사먹는 라떼느낌 난다!! 이로써 더욱 집에서 벗어나지 못 할 예정.. #네스프레소<b>에어로치노</b>4 #라떼냠냠,덕질로그,blog.naver.com/darkstar0s,20251120,에어로치노
한강뷰 카페 스타벅스 망원한강공원점 신메뉴 <b>에어로치노</b> 후기,https://blog.naver.com/taiwanlovekorea/224215787219,제가 마신 메뉴는 스타벅스 신메뉴 <b>에어로치노</b>예요 요즘 <b>에어로치노</b>에 꼬쳐서 계속 마시는 중 거품이 굉장히 부드럽고 라떼 느낌도 나면서 목 넘김이 되게 부드러워요 • 거품 식감이 좋고 • 커피 맛이... ,리뷰리즘 Review-ism,blog.naver.com/taiwanlovekorea,20260314,에어로치노
"네스프레소 <b>에어로치노</b>4 카푸치노 컵 팩, 단품, 단품",https://chzy.tistory.com/922,"네스프레소 <b>에어로치노</b> 4 우유거품기 🚩가격 : 10만원대 🚩리뷰 : 585개 할인가 확인 [스페셜패키지] 네스프레소 <b>에어로치노</b>4 카푸치노 컵 팩, 단품, 단품 🚩가격 : 10만원대 🚩리뷰 : 3개 할인가 확인 Detao... ",chzy 님의 블로그,https://chzy.tistory.com/,20260313,에어로치노
"스타벅스 <b>에어로치노</b>, 스윗 밀크 커피 그리고  스타벅스 두바이... ",https://blog.naver.com/shfotkfkdgkr/224219030160,"뭐 한국만 있는 커피로 알고 있는 #<b>에어로</b>카노 와 #스윗밀크커피 그리고 #스타벅스두바이쫀득롤 의... #스타벅스<b>에어로</b>카노 난 잘 모르겠다. 내가 왜 이 메뉴에 별 8개를 태웠는지, 내가 왜 그랬을까, 지금도 잘... ",소소한 일상,blog.naver.com/shfotkfkdgkr,20260317,에어로치노
네스프레소 <b>에어로치노</b>4 우유 거품기 사용법 추천 리뷰,https://blog.naver.com/cjj1108/223271736469,"그리고 <b>에어로치노</b> 3 와 다른 점이 우유를 따르는 주둥이의 차이에요,에어로치 4 에는 우유를 따르기 편하게 주둥이도 생겼어요. 우유를 안에 담고 손잡이를 들었을 때 무게는 전혀 무겁다 느껴지지 않고요... ","엘키의 1일, 살 림",blog.naver.com/cjj1108,20231122,에어로치노
네스프레소 <b>에어로치노</b>4,https://blog.naver.com/wunderkammer105/223314192600,구름치노가 훨 나아보였는데 <b>에어로치노</b>4부터는 다 거기서 거기 같았다 코드 꽂으면 불 네개 들어오구 찬 거품 / 우유 데우기 / 카푸치노 / 마끼아또 이렇게 선택 후기 엄청 봤는데 별로란 사람들 말 들으면... ,Wunderkammer,blog.naver.com/wunderkammer105,20240106,에어로치노
기념 최대 할인 맞춰서 버츄오팝과 <b>에어로치노</b>4 역대 할인 구입,https://blog.naver.com/okee_bubu/223274756148,<b>에어로치노</b> 4 바리스타 카푸치노 미디움 1개 바리스타 스텐실 세트 오리지널 캡슐 5줄 (버츄오 4줄) 기다려서 담당 매니저님을 배정받고 안내해주는 버츄오 머신의 안내 기본 8만원 할인인데 오리지널 머신을... ,오키부부,blog.naver.com/okee_bubu,20231126,에어로치노
네스프레소 라떼만들기 - <b>에어로치노</b>,https://blog.naver.com/mininjuly/220523957287,"ㅠ 그리고 함께 구입한 네스프레소 <b>에어로치노</b> - 네스프레소 <b>에어로치노</b>는 카페라떼와 카푸치노를 만드는 기계에요 우리부부는 아메리카노, 라떼를 좋아해서 네스프레소 픽시 + <b>에어로치노</b> 조합이 딱♥ (#1)... ",민조이 living :),blog.naver.com/mininjuly,20151030,에어로치노
우유거품기 추천하는 네스프레소 <b>에어로치노</b>4,https://blog.naver.com/leeyehkyu/223343705617,네스프레소 <b>에어로치노</b>4 우유거품기 추천 겨울 홈카페 집에서 홈카페 자주 해드시나요? 저는 얼죽아다보니 집에서도 항상 아메리카노만 즐겨 먹었었는데 네스프레소 <b>에어로치노</b>4를 집에 들인 이후로... ,겨란이,blog.naver.com/leeyehkyu,20240204,에어로치노
네스프레소 <b>에어로치노</b>4 : 라떼파라면 고민하지말고 고!,https://blog.naver.com/lucky52happy/222646037134,"쭉~ <b>에어로치노</b>로 낸 우유거품, 만든 라떼 자랑 사진들 구경하구 가세용ㅎㅎㅎㅎㅎ 4번째 버튼인 라떼 마키아토 거품으로 만든 라떼 3번째 버튼인 카푸치노 거품으로 만든 라뗴 거품이 진짜 부드럽고... ",LUCKYHAPPY,blog.naver.com/lucky52happy,20220212,에어로치노
네스프레소 자나 (Dhjana)론칭 행사*<b>에어로치노</b>,https://blog.naver.com/page01/40141059077,<b>에어로치노</b>와 캬라멜 조각 사야겠다고 큰맘 먹게 한 ㅋㅋ 결국....... <b>에어로치노</b> 노래를 불렀더니 J군이 사준대서 몇일전에 질렀어요.-- 원래 가지고 있는 씨티즈와 세트로 레드 구입. 크림색이 사고... ,친절한 제니씨,blog.naver.com/page01,20111007,에어로치노
전동 우유거품기 <b>우유스팀기</b> 소형 솔직리뷰 홈카페 가정용 올리... ,https://blog.naver.com/dkfk0870/224202834858,✔ 거품이 조금 가벼운 느낌 ✔ 유지력이 짧아서 금방 꺼짐 ✔ 세척이 은근 번거로움 그래서 “조금 더 제대로 된 가정용 <b>우유스팀기</b> 없을까?” 찾다가 이번에 올리 전동 우유거품기를 써보게 됐어요. ☕ 가장... ,강풍만의 타이얼드한 다이어리,blog.naver.com/dkfk0870,20260303,우유스팀기
네스프레소 <b>우유 스팀기</b> 추천 에어로치노 4단계 거품 조절형,https://blog.naver.com/cc1125cc/224207951114,"홈카페의 클래스를 높여주는 단 하나의 선택, 에어로치노 4 집에서 즐기는 커피 한 잔에도 바리스타의 손길을 느끼고 싶다면, 우유 거품의 질감에 주목해야 합니다. 네스프레소 <b>우유 스팀기</b> 추천 모델인... ",케어포유 라이프로그,blog.naver.com/cc1125cc,20260307,우유스팀기
"☕️ 홈카페 필수템, 전동 밀크포머 <b>우유 스팀기</b> 32% 할인... ",https://blog.naver.com/8iiujj/224213730654,#전동밀크포머 #<b>우유스팀기</b> #자동우유스티밍 #밀크스티머 #홈카페 #커피용품 #라떼아트 #카푸치노 #커피메이커 #주방용품 #가성비템 #할인 #특가 #자동거품기 #우유거품기 #커피머신 #온더테이블 #홈카페놀이... ,8iiujj님의 블로그,blog.naver.com/8iiujj,20260312,우유스팀기
마이카페 커피머신 어넥스 린자 <b>우유스팀기</b> 세정제(알약... ,https://blog.naver.com/modesthammock81/224218028365,"커피 추출 버튼을 눌러 커피를 내린 다음, <b>우유스팀기</b>를 사용해 원하는 방식으로 우유 거품을 만들어 음료에 추가할 수 있다. 세정제는 사용 후 머신 내부를 청소하는 데 적합하며, 제조사의 지침에 따라 정해진... ",modesthammock81님의 블로그,blog.naver.com/modesthammock81,20260316,우유스팀기
올리 전동거품기 우유거품기 가정용 <b>우유스팀기</b> 밀크프로더,https://blog.naver.com/oosetting/224196630782,"저는 실제로올리 전동거품기 우유거품기 가정용 <b>우유스팀기</b> 밀크프로더를 며칠 동안 아침/저녁으로 써보면서, “맛”보다 먼저생활 루틴에 남는 제품인지를 기준으로 체크해봤어요. 이 글에서는 제품 특징... ",oosetting님의 블로그,blog.naver.com/oosetting,20260226,우유스팀기
"올리 전동거품기, 이 가격 실화? 가정용 <b>우유스팀기</b> 지금 확인!",https://blog.naver.com/alwaaqyq/224204877190,#올리전동거품기 #우유거품기 #가정용우유거품기 #<b>우유스팀기</b> #밀크프로더 #홈카페 #커피용품 #라떼아트... 주방용품 #가성비커피용품 #핫딜 #할인 #인기상품 #간편요리 #우유거품기추천 #가정용스팀기,alwaaqyq님의 블로그,blog.naver.com/alwaaqyq,20260305,우유스팀기
올리 전동거품기 스펙 분석: 5만원대 <b>우유스팀기</b>로 카페 퀄리티... ,https://blog.naver.com/imsulog/224211022422,올리 전동거품기 우유거품기 가정용 <b>우유스팀기</b> 밀크프로더  고민끝 쇼핑의 시작은 여기서부터 할인... 만약 이 정도 수준의 스팀 기능을 갖춘 제품을 다른 곳에서 찾으려면 10만원을 훌쩍 넘기는 경우가 많기... ,테크 인사이트 (Tech Insight),blog.naver.com/imsulog,20260310,우유스팀기
"집에서 즐기는 홈카페의 완성, 전동 밀크포머 <b>우유 스팀기</b>",https://blog.naver.com/jnikpwm/224207610143,#전동밀크포머 #<b>우유스팀기</b> #자동우유스티밍 #밀크스티머 #홈카페 #라떼아트 #카푸치노 #커피메이커 #주방가전 #가성비템 #할인 #초간단레시피 #우유거품기 #카페라떼 #에스프레소머신 #스마트가전 #인테리어... ,포켓쉼,blog.naver.com/jnikpwm,20260307,우유스팀기
일리 <b>우유스팀기</b> 전자기기 실용적인 잡화 꿀템 소개!... ,https://blog.naver.com/yeyurop/224144949421,"일리 <b>우유 스팀기</b>가 코스트코에 보여서 반가웠어요. 컵도 주는 구성이면 무조건 추천해요. 네스프레스 머신 들여놓고, 산 건데, 에스프레소 원샷 추출해서 우유 스팀 올려 먹으면 고소한 라떼 한 잔... ",여유롭게::현실은OTL★,blog.naver.com/yeyurop,20260113,우유스팀기
올리 전동거품기 우유거품기 고요한 <b>우유 스팀기</b>,https://blog.naver.com/zxn7a01ou8q9/224218552550,↓↓옵션구성보기↓↓ 올리 전동거품기 우유거품기 가정용 <b>우유스팀기</b> 밀크프로더는 집에서 바리스타의 손길을 느낄 수 있게 하는 정교한 기계입니다. 이 제품은 커피 한 잔에 더해지는 거품을 만들어 매일의... ,존재의 이유를 찾다,blog.naver.com/zxn7a01ou8q9,20260316,우유스팀기
리큅 전동 <b>우유스팀기</b> 거품기 부드러운 거품과 온화한 기운,https://blog.naver.com/ttylbs557x3/224218675430,이미지출처-상품정보이미지 리큅 전동 <b>우유스팀기</b> 거품기 LMFCH43은 일상의 소소한 기쁨을 더해주는... 우유의 깊은 맛을 더욱 부각시켜 주는 이 스팀기는 전통적인 방법으로 만드는 것보다 훨씬 더 손쉽게... ,그 순간의 진실,blog.naver.com/ttylbs557x3,20260316,우유스팀기
"모닝 드림 밀크 스티머 - 블랙 (<b>우유스팀기</b>, 거품기)",https://blog.naver.com/rpkndh6546/224194622334,"오늘은 모닝 드림 밀크 스티머 - 블랙 (<b>우유스팀기</b>, 거품기)에 대해 소개해드릴게요. 이 제품은 우유를 연하게 스팀하여 부드러운 거품을 만들 수 있는 기능이 있습니다. 사용 후에는 깨끗하게 세척해 보관하시는... ",rpkndh6546님의 블로그,blog.naver.com/rpkndh6546,20260224,우유스팀기
카페 퀄리티 완성! 밀크 포머 <b>스팀기</b> <b>우유</b> 거품기 신세계 경험,https://blog.naver.com/fqdjibmm/224212057841,"밀크 포머 스팀기 우유 거품기 신세계 경험 풍성하고 부드러운 우유 거품, 이제 집에서도 완벽하게!... 풍성한 우유 거품까지 더해진다면 금상첨화겠죠? 오늘 소개해드릴 '밀크 포머 <b>우유 스팀기</b> 거품기 수동... ",fqdjibmm님의 블로그,blog.naver.com/fqdjibmm,20260311,우유스팀기
"가정용 <b>우유</b>거품기, 올리 <b>스팀기</b>로 홈카페 완성!",https://blog.naver.com/krpcfvq/224193629957,#올리 전동거품기 #우유거품기 #가정용 우유거품기 #<b>우유스팀기</b> #밀크프로더 #홈카페 #라떼아트 #카푸치노 #커피용품 #주방용품 #할인 #가성비 #인기상품 #리뷰많은 #선물추천 #간편사용 #부드러운거품... ,krpcfvq님의 블로그,blog.naver.com/krpcfvq,20260224,우유스팀기
올리 전동 <b>우유</b>거품기 <b>스팀기</b> OLMF08 <b>우유</b>데우기,https://blog.naver.com/bk32167/223848093536,"올리 전동 <b>우유</b>거품기 <b>스팀기</b> OLMF08 <b>우유</b>데우기 안녕하세요. 사진&amp;IT 크리에이터 자유분방입니다. 집에 캡슐 커피머신이 있다 보니, 카페에 가지 않더라도 아침을 커피와 함께 시작할 수 있어 너무 좋습니다.... ",자유분방 IT사진,blog.naver.com/bk32167,20250427,우유스팀기
카페 퀄리티 완성! 바리스타가 된 듯한 밀크 포머 <b>우유 스팀기</b>,https://blog.naver.com/beonnc/224205963872,#밀크포머 #<b>우유스팀기</b> #우유거품기 #수동우유거품기 #카푸치노메이커 #라떼메이커 #홈카페 #커피용품 #카페라떼 #카푸치노 #홈카페용품 #바리스타 #커피머신 #주방용품 #음료제조 #수동거품기 #라떼아트 #할인... ,쉼표에 머물다,blog.naver.com/beonnc,20260305,우유스팀기
올리 전동거품기 우유거품기 가정용 <b>우유스팀기</b> 밀크프로더 리뷰,https://blog.naver.com/w9ashamed/224187739163,올리 전동거품기 우유거품기 가정용 <b>우유스팀기</b> 밀크프로더는 복잡한 설정이 없어 처음 쓰는 분들도 부담이 적습니다. 무게와 크기가 부담스럽지 않아 주방에 그대로 두고 자주 쓰게 되는 편입니다. 휴대하거나... ,생활 리뷰 노트,blog.naver.com/w9ashamed,20260219,우유스팀기
"홈카페의 완성, 밀크 포머 <b>우유 스팀기</b> 완벽 가이드",https://blog.naver.com/hiairx/224217620596,"홈카페의 완성, 밀크 포머 <b>우유 스팀기</b> 완벽 가이드 풍부한 우유 거품, 집에서 간편하게! 집에서도 카페... #밀크포머 #우유거품기 #스팀기 #카푸치노메이커 #라떼메이커 #수동밀크포머 #홈카페 #커피용품 #우유... ",hiairx님의 블로그,blog.naver.com/hiairx,20260316,우유스팀기
집에서도 전문가급 우유거품 만들기! 가성비 최고 <b>우유스팀기</b>,https://blog.naver.com/compriseof/224196303430,올리 전동거품기 리뷰: 집에서도 전문가급 우유거품 만들기! 가성비 최고 <b>우유스팀기</b> 안녕하세요... 데운 우유 모두 거품 생성에 문제없고 스팀 기능까지 갖추고 있어 집에서도 우유 맛을 가장 최상으로 즐길 수... ,compriseof님의 블로그,blog.naver.com/compriseof,20260226,우유스팀기
올리 전동거품기 우유거품기 가정용 <b>우유스팀기</b> 밀크프로더... ,https://blog.naver.com/kky357boy/224195298134,"올리 전동거품기 우유거품기 가정용 <b>우유스팀기</b> 밀크프로더 내돈내산 후기들 공통점 정리 요즘 카페 라떼에 푹 빠졌는데, 집에서 자주 만들어 마시고 싶다는 생각이 들더라고요. 그런데 집에서 수동으로 거품을... ",맛집김선생,blog.naver.com/kky357boy,20260225,우유스팀기
우유거품기 추천! USB충전부터 프리미엄 전동 <b>우유스팀기</b>까지... ,https://blog.naver.com/sjjhhh77/224214465206,전동 <b>우유스팀기</b> 거품기 LMF -CH43’입니다. 이 제품은 USB전동 미니 거품기나 무선 휘핑기와 달리 전문적인 스팀기 기능을 탑재해 집에서도 카페 바리스타 못지않은 고급스러운 우유 스팀과 풍부한 거품을 만들... ,오늘의 발견,blog.naver.com/sjjhhh77,20260313,우유스팀기
올리 전동거품기 우유거품기 가정용 <b>우유스팀기</b> 밀크프로더 추천,https://blog.naver.com/gym_1234/224171753992,"<b>우유스팀기</b>와 밀크프로더의 기능을 하나로 합쳐 풍성하고 부드러운 거품을 누구나 쉽게 완성할 수... 4가지 스마트 모드로 즐기는 다양한 레시피 따뜻한 거품, 차가운 거품, 우유 데우기 등 4가지 모드를... ",상품리뷰,blog.naver.com/gym_1234,20260204,우유스팀기
라테도 핫초코도 너무 쉽잖아. 올리 <b>우유스팀기</b> | 진작 꺼낼 걸,https://blog.naver.com/august-first/224200392748,진작 사두고 한동안 넣어두었던 올리 <b>우유스팀기</b>를 이번에야 꺼냈다. 커피는 매일 마시면서도 라테는 번거롭다는 이유로 잘 만들지 않았다. 이걸 왜 이제야 썼을까 싶다. 아이 핫초코 만들기. 우유를 붓고 버튼만... ,섬세한 습관,blog.naver.com/august-first,20260301,우유스팀기
전동 밀크포머 자동 <b>우유스팀기</b> 사용해보니 정말 편리하네요,https://blog.naver.com/qusdnjsdlf165284/224177688759,"현재 전동 밀크포머 <b>우유스팀기</b>는 자동 우유 스티밍 기능을 갖추고 있어, 사용자가 번거롭게 우유를 저어줄 필요 없이 버튼 하나로 원하는 시원한 우유 거품을 만들 수 있습니다. 비슷한 제품으로는 프리스탠딩... ",qusdnjsdlf165284님의 블로그,blog.naver.com/qusdnjsdlf165284,20260209,우유스팀기
일리 <b>우유 스팀기</b> 가정용 거품기 illy 밀크프로더 핫초코부터... ,https://blog.naver.com/calminmauve_/224130860501,"일리 <b>우유 스팀기</b> 가정용 거품기 illy 밀크프로더 핫초코부터 오트 라떼까지 만능템 ©최버터 저는... 우유를 데우는 동시에 거품을 내주는데, 버튼 하나로 차가운 거품, 따뜻한 거품, 가벼운 거품까지 조절이... ",The tasty butter 새댁하루,blog.naver.com/calminmauve_,20260102,우유스팀기
밀크포머 추천 네스프레소 &quot;에어로치노4&quot; <b>우유스팀기</b>언박싱... ,https://blog.naver.com/aorangevivia/223715542601,밀크포머 추천 네스프레소 &quot;에어로치노4&quot; <b>우유스팀기</b>언박싱&amp;사용 후기 인스타그램에서 오트라떼... 다만 아쉬운 점은 카페에서 쓰는 고온의 스팀기가 아니기 때문에 그만큼 뜨겁지는 않아요. 한김 식힌 느낌... ,여행하는 직장러 겸미,blog.naver.com/aorangevivia,20250105,우유스팀기
모닝 드림 밀크 스티머  블랙 <b>우유스팀기</b> 거품기,https://blog.naver.com/jmtrip/224170394608,"모닝 드림 밀크 스티머 블랙 <b>우유스팀기</b> 거품기 안녕하세요, 여러분! 오늘은 많은 분들이 사랑하는... 여러분의 카페 스타일 음료를 만들어보세요! 마지막으로, 블랙 우유 문제시 여기→ *************@proton.me",jmtrip님의 블로그,blog.naver.com/jmtrip,20260203,우유스팀기
모닝 드림 밀크 스티머  화이트 <b>우유스팀기</b> 거품기,https://blog.naver.com/lmchain/224170381770,"바로 화이트 <b>우유 스팀기</b> 거품기인데요, 많은 분들이 '모닝 드림 밀크 스티머'라는 이름으로 친숙하게 알고 계실 거예요. 아침마다 따뜻한 우유를 즐기고 싶지만, 번거로운 과정 때문에 포기하셨던 분들에게... ",lmchain님의 블로그,blog.naver.com/lmchain,20260203,우유스팀기
"모닝 드림 밀크 스티머 - 화이트 (<b>우유스팀기</b>, 거품기)... ",https://blog.naver.com/rpkndh6546/224134269312,"모닝 드림 밀크 스티머 - 화이트 (<b>우유스팀기</b>, 거품기) 모닝 드림 밀크 스티머 - 화이트 (<b>우유스팀기</b>, 거품기) 모닝 드림 밀크 스티머는 우유를 스팀하고 거품을 만드는 기기로, 주로 카페에서 사용되는... ",rpkndh6546님의 블로그,blog.naver.com/rpkndh6546,20260104,우유스팀기
올리 전동거품기 가정용 <b>우유스팀기</b> 사용 후기! 집에서 카페... ,https://blog.naver.com/dlgusdk5271/224163088571,전동거품기에는 <b>우유 스팀 기</b>능도 있어요. 따뜻한 우유를 금방 데울 수 있어서 별도의 전자레인지 없이 바로 따뜻한 음료를 만들 수 있답니다. 평소에 따뜻한 라떼 좋아하시는 분들에게 딱이에요. 스팀기로... ,dlgusdk5271님의 블로그,blog.naver.com/dlgusdk5271,20260128,우유스팀기
"올리 전동거품기 가정용 <b>우유스팀기</b>, 집에서 카페 라떼 만들기... ",https://blog.naver.com/dami6667/224164573379,"가정용 <b>우유스팀기</b>, 집에서 카페 라떼 만들기 완전 쉽다! 안녕하세요 여러분! 오늘은 제가 요즘 정말... 눌러서 우유를 거품 내고, 스팀 기능으로 따뜻하게 데울 수 있어서 진짜 편했어요. 저는 아침마다 라떼를... ",dami6667님의 블로그,blog.naver.com/dami6667,20260130,우유스팀기
홈카페 <b>우유스팀기</b> 솔리스전동우유거품기 내돈내산,https://blog.naver.com/jsh0896ju/223378163472,그럼 다음에 만나요❤️ #홈카페 #라떼만들기 #연유라떼만들기 #우유거품 #라떼거품 #라떼거품만들기 #전동우유거품기 #솔리드 #<b>우유스팀기</b> #스팀기 #밀크프로터,"일상,",blog.naver.com/jsh0896ju,20240309,우유스팀기
네스프레소 에어로치노4 우유거품기 <b>우유스팀기</b> 후기,https://blog.naver.com/noworo9999/223718574305,전자레인지에 <b>우유</b>를 데워서 먹다가 더 맛있고 부드러운 라떼를 집에서도 맛보고 싶어서 고민끝에... 후 <b>우유</b>가 눌러붙지 않아서 세척하기 너무 편리했어요~ 다양한 모드 직관적인 4가지 작동 버튼으로... ,살림하는 유노맘 이야기,blog.naver.com/noworo9999,20250108,우유스팀기
<b>우유스팀기</b> 라떼만들기 라떼거품기 밀크포머 커피거품기,https://blog.naver.com/instancegj/224170434037,좋은 <b>우유스팀기</b>를 선택하면 경제적인 부담 없이도 고급스러운 음료를 만들 수 있어요. 이 제품의 가장 큰 장점은 무엇보다 사용이 간편하다는 점이에요. 버튼 하나로 우유를 쫀득쫀득한 거품으로 만들어주고... ,instancegj님의 블로그,blog.naver.com/instancegj,20260203,우유스팀기
올리 전동거품기 가정용 <b>우유스팀기</b> 추천! 부드러운 밀크폼... ,https://blog.naver.com/lbspell/224197634655,"되고, 스팀기능 덕분에 우유 온도도 적당하게 맞출 수 있어요. 특히 집에서 라떼 아트 하기 전 단계로 딱이라 만족도가 높습니다. 매일 쓰기 좋은 가정용 <b>우유스팀기</b> 청소도 간단해서 사용 후 바로 씻어주면 되고... ",lbspell님의 블로그,blog.naver.com/lbspell,20260227,우유스팀기
<b>우유스팀기</b>의 놀라운 변신 집에서도 카페처럼 고급스러운 커피... ,https://blog.naver.com/rrkatl0223/224164437950,"우유 거품이 이렇게 부드럽고 고운 건 처음이에요! 스팀 기능이 너무 좋고, 커피가 정말 맛있어요. 카페에서 마시는 것 같아요! 이처럼 <b>우유스팀기</b> 는 정말 많은 이웃님들에게 사랑받고 있는 제품입니다. 이... ",별점헌터 RV,blog.naver.com/rrkatl0223,20260129,우유스팀기
올리 전동거품기 우유거품기 가정용 <b>우유스팀기</b> 밀크프로더,https://blog.naver.com/apgwdo29676/224167423261,"올리 전동거품기 우유거품기 가정용 <b>우유스팀기</b> 밀크프로더 올리 전동거품기 우유거품기 가정용 <b>우유스팀기</b> 밀크프로더 올리 전동거품기는 가정용 우유 거품기로, <b>우유 스팀기</b>와 밀크 프로더의 기능을... ",apgwdo29676님의 블로그,blog.naver.com/apgwdo29676,20260201,우유스팀기
평택 카페를 점령한 써모플랜 전자동 커피머신+<b>우유스팀기</b>✨,https://blog.naver.com/labelle83/223857984981,BW4 CTM2 RL의 특징 1.밀크폼 시스템 : 완벽한 우유 거품을 추출해냅니다 2.모듈형 구조 : 내부가... 스팀보스 <b>우유스팀기</b>와 핫워터 디스펜서의 만남! 온수기와 스팀기가 하나로! 하나의 디스펜서에 3가지 기능이... ,커피마켓어스 공식 블로그,blog.naver.com/labelle83,20250507,우유스팀기
카페라떼 <b>스팀기</b> 뷔페 <b>우유</b>펌프 거품기 스티머 밀크포머,https://blog.naver.com/al7pheaf/224210178516,#카페라떼<b>스팀기</b> #<b>우유</b>펌프 #<b>우유</b>거품기 #스티머 #밀크포머 #홈카페 #업소용커피머신 #카페용품 #라떼아트 #커피용품 #뷔페용품 #커피거품기 #바리스타도구 #<b>우유</b>스티머 #커피머신 #가정용커피메이커 #자동거품기... ,al7pheaf님의 블로그,blog.naver.com/al7pheaf,20260309,우유스팀기
인기 제품 올리 전동거품기 가정용 <b>우유스팀기</b>로 완벽한 밀크폼... ,https://blog.naver.com/bbfuguql/224065364041,"가정용 <b>우유스팀기</b> 올리 전동거품기 48% 할인 정보 특별가 55,900원으로 할인된 가격 안내 올리... 너무 뜨겁게 만들면 우유의 맛이 변할 수 있으므로, 적절한 온도를 유지하는 것이 중요합니다. 또한, 스팀 기능... ",배진우,blog.naver.com/bbfuguql,20251105,우유스팀기
올리 전동거품기 우유거품기 가정용 <b>우유스팀기</b> 밀크프로더... ,https://blog.naver.com/srbfz7792/224158750094,"올리 전동거품기 우유거품기 가정용 <b>우유스팀기</b> 밀크프로더 올리 전동거품기 우유거품기 가정용 <b>우유스팀기</b> 밀크프로더 올리 전동거품기는 가정용으로 설계된 우유 거품기로, 다양한 음료에 사용할 수 있는... ",srbfz7792님의 블로그,blog.naver.com/srbfz7792,20260125,우유스팀기
일리 <b>우유 스팀기</b> 홈카페라떼 폭신폭신 하얀 눈같은 밀크폼... ,https://blog.naver.com/yeyurop/224153871873,집에서 라떼 먹기 일리 밀크 스팀기로 잘 쓰고 있어요. MAX보다 적게 넣어야 안 넘치니까 그 것만 신경쓰면 편해요. #일리<b>우유스팀기</b> 로 만든 우유거품! 마치 폭신폭신한 하얀 눈 같죠? 보고 있기만... ,여유롭게::현실은OTL★,blog.naver.com/yeyurop,20260120,우유스팀기
경주 카페 아래헌 온수기 이동 설치와 <b>우유스팀기</b> 설치 정보 소개,https://blog.naver.com/coffeeus24/224107538716,그다음 설치한 <b>우유스팀기</b>는 진성스팀기 JS-11 제품으로 강력한 스팀 출력과 정밀한 온도 제어로 최상의 우유 거품을 제공합니다. 스테인리스 스틸 구조로 내구성이 뛰어나며 에너지 효율적인 설계로 어떤... ,포항 경주 울산ㅣ커피머신기 렌탈설치 업체,blog.naver.com/coffeeus24,20251212,우유스팀기
커피 <b>우유 스팀기</b> 추천 BEST 3  집에서 카페 퀄리티 만들기!,https://blog.naver.com/dabarstore/224171143886,커피 <b>우유 스팀기</b> 추천 BEST 3 ☕ 집에서 카페 퀄리티 만들기! 안녕하세요 여러분! 오늘은 집에서도... 커피우유거품기 업소용 커피거품기 밀크포머 라떼 스팀기 다음은 ‘커피우유거품기 업소용’ 모델인데요. 이... ,신일N위시웨이,blog.naver.com/dabarstore,20260204,우유스팀기
<b>우유스팀기</b> 밀크스티머 우유거품기 카페업소용 스팀기,https://blog.naver.com/rpbedroom/224127434516,"스팀보스S <b>우유스팀기</b> 밀크스티머 우유거품기 카페업소용 스팀기 안녕하세요, 카페 운영자 여러분! 오늘은 여러분의 카페에 꼭 필요한 대박 핫템을 소개해 드리려고 해요. 바로 스팀 보스 S <b>우유 스팀기</b>입니다.... ",rpbedroom님의 블로그,blog.naver.com/rpbedroom,20251230,우유스팀기
"2월 23일 _ 홈카페용 리큅 우유거품기, <b>우유 스팀기</b>",https://blog.naver.com/bsey1223/224192427942,재미들려서 나름 재밌게 쓸듯 #우유거품기 #우유거품기추천 #전동우유거품기 #리큅 #리큅우유거품기 #리큅<b>우유스팀기</b> #<b>우유스팀기</b> #자동거품기 #자동스팀기 #우유스티머 #홈카페 #홈카페<b>우유스팀기</b> #일상 #Daily,피스타치오 봉봉,blog.naver.com/bsey1223,20260223,우유스팀기
<b>우유스팀기</b> 라떼만들기 라떼거품기 밀크포머 커피거품기 추천,https://blog.naver.com/gomlwl/224106778848,좋아져요 우유를 넣고 돌리기만 하면 자연스럽게 볼륨감 있는 거품이 만들어지고 그 위에 스팀 밀크를 부으면 마치 카페에서 즐기던 그 맛 그대로 4. 라떼거품기 <b>우유스팀기</b> 밀크포머 쉽고 빠른 라떼 거품... ,엄윤해,blog.naver.com/gomlwl,20251212,우유스팀기
<b>우유스팀기</b> 가정용 라떼 스팀기 <b>우유스팀기</b>계 홈카페 추천,https://blog.naver.com/cfhhgijqtxa/224083599863,<b>우유스팀기</b> 가정용 라떼 스팀기로 매일 아침 신선한 우유 거품과 풍부한 맛을 즐기세요. 간단한 조작만으로 홈카페의 품격을 높일 수 있어 바쁜 현대인에게 딱입니다. 이제는 밖에 나가지 않고도 집에서... ,샘사아설익,blog.naver.com/cfhhgijqtxa,20251121,우유스팀기
"모닝 드림 밀크 스티머 - 블랙 (<b>우유스팀기</b>, 거품기)... ",https://blog.naver.com/yizqre28651/224126089441,"갖춘 <b>우유 스팀기</b>입니다. 이 제품은 블랙 색상으로 제공되어 세련된 외관을 자랑하며, 주방이나 카페... 이 제품의 용량은 최대 **300ml**로, 한 번에 충분한 양의 우유를 스팀할 수 있습니다. 또한, 스팀과 거품을... ",yizqre28651님의 블로그,blog.naver.com/yizqre28651,20251229,우유스팀기
"illy 일리 <b>우유스팀기</b>, 밀크 프로더",https://blog.naver.com/ssgyon1004/223722497167,핫초코나 녹차라떼 등 다양하게 이용가능하고 사이즈도 컴팩트해서 딱인 밀크프로더 추천합니다! #내돈내산 #일리 #일리밀크프로더 #<b>우유스팀기</b> #우유거품기 #우유거품기추천,심주부 레시피 ꈍ◡ꈍ,blog.naver.com/ssgyon1004,20250111,우유스팀기
